rank,h3_index,score,acres,dist_km,type,land_val_acre,build_mo,lat,lon,tier
1,88489e376dfffff,0.7431,208.0,8.4,residential,222831,9,30.2016,-97.7007,Tier 1 — Top 10%
2,88489e3297fffff,0.7387,208.1,8.9,residential,192403,9,30.1937,-97.7053,Tier 1 — Top 10%
3,88489e34a1fffff,0.7352,208.0,8.7,residential,206589,9,30.3379,-97.7810,Tier 1 — Top 10%
4,88489e3611fffff,0.7347,208.2,8.2,commercial,231755,16,30.2360,-97.8205,Tier 1 — Top 10%
5,88489e3295fffff,0.7316,208.1,9.9,vacant,150418,0,30.1862,-97.6997,Tier 1 — Top 10%
6,88489e32bbfffff,0.7316,208.0,9.3,residential,173830,9,30.1941,-97.6951,Tier 1 — Top 10%
7,88489e3283fffff,0.7305,208.1,10.9,residential,117540,9,30.1786,-97.6941,Tier 1 — Top 10%
8,88489e228dfffff,0.7293,207.8,10.5,industrial,128799,12,30.3267,-97.6575,Tier 1 — Top 10%
9,88489e229dfffff,0.7290,207.9,10.3,residential,147289,9,30.3414,-97.6789,Tier 1 — Top 10%
10,88489e22c1fffff,0.7287,207.9,8.8,residential,199563,9,30.3109,-97.6667,Tier 1 — Top 10%
11,88489e22b9fffff,0.7286,207.8,11.9,industrial,143263,12,30.3496,-97.6641,Tier 1 — Top 10%
12,88489e30cbfffff,0.7273,208.0,10.0,NaN,0,0,30.2026,-97.6701,Tier 1 — Top 10%
13,88489e22d5fffff,0.7269,207.9,9.0,residential,187363,9,30.3260,-97.6779,Tier 1 — Top 10%
14,88489e22bbfffff,0.7269,207.8,12.2,residential,174075,9,30.3572,-97.6697,Tier 1 — Top 10%
15,88489e2755fffff,0.7261,207.9,12.6,industrial,421174,12,30.3787,-97.7171,Tier 1 — Top 10%
16,88489e35abfffff,0.7259,207.9,8.4,residential,220375,9,30.3400,-97.7197,Tier 1 — Top 10%
17,88489eadd1fffff,0.7255,208.2,12.6,residential,77498,9,30.1600,-97.7849,Tier 1 — Top 10%
18,88489e3291fffff,0.7253,208.1,9.6,open_space,163455,0,30.1858,-97.7099,Tier 1 — Top 10%
19,88489e205bfffff,0.7252,207.8,13.0,industrial,69286,12,30.3277,-97.6269,Tier 1 — Top 10%
20,884898d937fffff,0.7238,208.3,11.6,vacant,98913,0,30.2500,-97.8623,Tier 1 — Top 10%
21,884898d93dfffff,0.7232,208.3,11.9,commercial,91491,16,30.2345,-97.8613,Tier 1 — Top 10%
22,88489eadbbfffff,0.7232,208.2,8.7,commercial,204149,16,30.1915,-97.7665,Tier 1 — Top 10%
23,88489e34bdfffff,0.7229,208.1,10.1,multifamily,145024,20,30.3450,-97.7968,Tier 1 — Top 10%
24,88489e30c9fffff,0.7226,208.0,11.0,NaN,0,0,30.1951,-97.6645,Tier 1 — Top 10%
25,884898d939fffff,0.7226,208.3,12.9,residential,72172,9,30.2342,-97.8715,Tier 1 — Top 10%
26,88489e32b3fffff,0.7225,208.0,8.8,residential,197318,9,30.2019,-97.6905,Tier 1 — Top 10%
27,88489e36d9fffff,0.7216,208.3,12.0,residential,88895,9,30.2575,-97.8679,Tier 1 — Top 10%
28,88489e361dfffff,0.7212,208.2,8.1,NaN,0,0,30.2285,-97.8149,Tier 1 — Top 10%
29,88489e270bfffff,0.7205,207.9,13.6,residential,485255,9,30.3866,-97.7125,Tier 1 — Top 10%
30,88489e2281fffff,0.7199,207.9,10.7,industrial,123970,12,30.3342,-97.6631,Tier 1 — Top 10%
31,884898d92dfffff,0.7188,208.2,10.7,residential,124584,9,30.2199,-97.8399,Tier 1 — Top 10%
32,88489eadd3fffff,0.7184,208.2,12.0,residential,89973,9,30.1675,-97.7905,Tier 1 — Top 10%
33,88489e2289fffff,0.7175,207.9,9.8,commercial,156138,16,30.3263,-97.6677,Tier 1 — Top 10%
34,88489e34b1fffff,0.7172,208.1,11.1,vacant,113099,0,30.3526,-97.8024,Tier 1 — Top 10%
35,88489e31d9fffff,0.7160,207.9,13.8,open_space,57464,0,30.2123,-97.6145,Tier 1 — Top 10%
36,884898d9e5fffff,0.7159,208.3,13.0,residential,69575,9,30.2571,-97.8781,Tier 1 — Top 10%
37,88489e3083fffff,0.7158,208.0,8.6,industrial,207593,12,30.2338,-97.6619,Tier 1 — Top 10%
38,88489e30e1fffff,0.7154,207.9,12.1,residential,87557,9,30.2116,-97.6349,Tier 1 — Top 10%
39,88489e262dfffff,0.7148,207.9,13.2,residential,404449,9,30.3855,-97.7431,Tier 1 — Top 10%
40,88489e30b1fffff,0.7144,207.9,8.9,industrial,194249,12,30.2496,-97.6526,Tier 1 — Top 10%
41,88489e34b9fffff,0.7143,208.1,10.6,residential,127902,9,30.3447,-97.8070,Tier 1 — Top 10%
42,88489ead91fffff,0.7134,208.2,10.0,residential,146829,9,30.1833,-97.7813,Tier 1 — Top 10%
43,88489e30e5fffff,0.7133,207.9,12.9,industrial,71104,12,30.2119,-97.6247,Tier 1 — Top 10%
44,88489e22c7fffff,0.7124,207.9,9.7,residential,160732,9,30.3188,-97.6621,Tier 1 — Top 10%
45,88489e34d7fffff,0.7120,208.1,10.5,residential,129939,9,30.3285,-97.8264,Tier 1 — Top 10%
46,88489e35a3fffff,0.7109,207.9,9.4,residential,212249,9,30.3479,-97.7151,Tier 1 — Top 10%
47,88489e3299fffff,0.7106,208.1,10.3,residential,137047,9,30.1779,-97.7145,Tier 1 — Top 10%
48,88489eade5fffff,0.7095,208.1,12.6,residential,76362,9,30.1542,-97.7283,Tier 1 — Top 10%
49,88489e3293fffff,0.7088,208.1,8.6,unknown,208079,12,30.1933,-97.7155,Tier 1 — Top 10%
50,88489e35a5fffff,0.7088,207.9,9.2,commercial,180847,16,30.3407,-97.6993,Tier 1 — Top 10%
51,88489e34abfffff,0.7073,208.0,9.1,residential,185955,9,30.3375,-97.7912,Tier 1 — Top 10%
52,88489e349dfffff,0.7069,208.1,10.8,residential,121313,9,30.3364,-97.8218,Tier 1 — Top 10%
53,88489e31dbfffff,0.7062,207.9,12.9,industrial,70930,12,30.2198,-97.6201,Tier 1 — Top 10%
54,88489e2295fffff,0.7061,207.9,11.3,residential,161853,9,30.3493,-97.6743,Tier 1 — Top 10%
55,88489e329bfffff,0.7061,208.1,9.4,open_space,173609,0,30.1855,-97.7201,Tier 1 — Top 10%
56,88489eadd7fffff,0.7059,208.2,11.6,vacant,98822,0,30.1679,-97.7803,Tier 1 — Top 10%
57,88489e22cdfffff,0.7054,207.9,8.8,residential,197546,9,30.3034,-97.6612,Tier 1 — Top 10%
58,88489e22e3fffff,0.7050,207.8,11.4,multifamily,105390,20,30.3270,-97.6473,Tier 1 — Top 10%
59,88489e228bfffff,0.7043,207.9,10.0,commercial,147998,16,30.3339,-97.6733,Tier 1 — Top 10%
60,88489e2751fffff,0.7037,207.9,12.5,commercial,414655,16,30.3784,-97.7273,Tier 1 — Top 10%
61,88489e32a3fffff,0.7033,208.0,11.4,NaN,0,0,30.1872,-97.6691,Tier 1 — Top 10%
62,88489eaca1fffff,0.7032,208.2,11.9,residential,90843,9,30.1747,-97.8063,Tier 1 — Top 10%
63,88489eac87fffff,0.7029,208.3,13.1,residential,67814,9,30.1739,-97.8267,Tier 1 — Top 10%
64,88489e301bfffff,0.7025,208.0,12.6,open_space,76295,0,30.1879,-97.6487,Tier 1 — Top 10%
65,88489ead99fffff,0.7020,208.2,11.0,residential,114947,9,30.1754,-97.7859,Tier 1 — Top 10%
66,88489e35b1fffff,0.7018,207.9,9.8,residential,246121,9,30.3551,-97.7309,Tier 1 — Top 10%
67,88489e2299fffff,0.7009,207.9,9.7,residential,160368,9,30.3411,-97.6891,Tier 1 — Top 10%
68,88489e361bfffff,0.7005,208.2,9.1,commercial,184455,16,30.2356,-97.8307,Tier 1 — Top 10%
69,88489e22e9fffff,0.7005,207.8,10.5,residential,129658,9,30.3116,-97.6463,Tier 1 — Top 10%
70,88489e30adfffff,0.7004,207.9,12.1,residential,87045,9,30.2274,-97.6257,Tier 1 — Top 10%
71,88489e2261fffff,0.6999,207.8,13.5,residential,61741,9,30.2668,-97.6026,Tier 1 — Top 10%
72,88489e2761fffff,0.6997,207.8,13.1,residential,255761,9,30.3722,-97.6809,Tier 1 — Top 10%
73,88489e2053fffff,0.6992,207.8,13.9,industrial,63922,12,30.3356,-97.6223,Tier 1 — Top 10%
74,88489e348bfffff,0.6992,208.1,9.8,vacant,154687,0,30.3289,-97.8162,Tier 1 — Top 10%
75,88489e31d1fffff,0.6983,207.9,13.8,industrial,56848,12,30.2202,-97.6099,Tier 1 — Top 10%
76,88489e32c3fffff,0.6979,208.1,13.2,industrial,66688,12,30.1553,-97.6978,Tier 1 — Top 10%
77,884898cb2dfffff,0.6969,208.1,12.0,residential,88991,9,30.3278,-97.8469,Tier 1 — Top 10%
78,88489e22d3fffff,0.6968,207.9,8.7,residential,202717,9,30.3332,-97.6937,Tier 1 — Top 10%
79,88489eadd5fffff,0.6967,208.2,12.3,residential,83882,9,30.1603,-97.7747,Tier 1 — Top 10%
80,88489e22a3fffff,0.6959,207.8,13.3,residential,108040,9,30.3503,-97.6437,Tier 1 — Top 10%
81,88489e36cbfffff,0.6939,208.2,10.6,residential,126150,9,30.2503,-97.8521,Tier 1 — Top 10%
82,88489eaca9fffff,0.6939,208.3,12.9,residential,71083,9,30.1668,-97.8109,Tier 1 — Top 10%
83,88489e22a9fffff,0.6933,207.8,12.2,residential,85065,9,30.3349,-97.6427,Tier 1 — Top 10%
84,88489e2749fffff,0.6932,207.9,10.3,residential,249239,9,30.3558,-97.7105,Tier 1 — Top 10%
85,88489e30b9fffff,0.6926,207.9,8.7,industrial,203547,12,30.2417,-97.6573,Tier 1 — Top 10%
86,88489e34d5fffff,0.6919,208.1,9.6,residential,164693,9,30.3210,-97.8208,Tier 1 — Top 10%
87,88489e2769fffff,0.6915,207.9,12.1,residential,240412,9,30.3644,-97.6855,Tier 1 — Top 10%
88,88489eadb1fffff,0.6905,208.1,8.5,residential,216743,9,30.1919,-97.7563,Tier 1 — Top 10%
89,88489e3089fffff,0.6903,208.0,9.6,vacant,164088,0,30.2184,-97.6609,Tier 1 — Top 10%
90,88489ead33fffff,0.6895,208.1,13.5,residential,60979,9,30.1467,-97.7227,Tier 1 — Top 10%
91,88489e34b5fffff,0.6891,208.0,10.6,residential,126093,9,30.3529,-97.7922,Tier 1 — Top 10%
92,88489e275bfffff,0.6886,207.9,12.3,residential,381888,9,30.3780,-97.7375,Tier 1 — Top 10%
93,88489ead45fffff,0.6886,208.2,19.6,NaN,0,0,30.0929,-97.7142,Tier 1 — Top 10%
94,88489eaec3fffff,0.6885,208.4,22.8,NaN,0,0,30.0949,-97.8727,Tier 1 — Top 10%
95,88489ead69fffff,0.6884,208.2,19.7,NaN,0,0,30.0933,-97.7040,Tier 1 — Top 10%
96,88489e06b1fffff,0.6883,207.9,27.9,NaN,0,0,30.0913,-97.5355,Tier 1 — Top 10%
97,88489e22d1fffff,0.6882,207.9,8.4,residential,221964,9,30.3256,-97.6881,Tier 1 — Top 10%
98,88489e2203fffff,0.6882,207.8,11.2,residential,110336,9,30.2890,-97.6296,Tier 1 — Top 10%
99,88489e22d7fffff,0.6880,207.9,9.3,commercial,174523,16,30.3335,-97.6835,Tier 1 — Top 10%
100,88489ea8b3fffff,0.6880,208.1,20.1,NaN,0,0,30.0940,-97.6837,Tier 1 — Top 10%
101,88489e06bbfffff,0.6879,207.9,27.3,NaN,0,0,30.0910,-97.5457,Tier 1 — Top 10%
102,88489eacadfffff,0.6878,208.2,12.4,residential,80570,9,30.1671,-97.8007,Tier 1 — Top 10%
103,88489eaeebfffff,0.6876,208.4,21.8,NaN,0,0,30.0957,-97.8523,Tier 1 — Top 10%
104,88489e30e7fffff,0.6875,207.9,12.1,residential,88176,9,30.2195,-97.6303,Tier 1 — Top 10%
105,88489e32a1fffff,0.6875,208.0,12.4,infrastructure,81629,0,30.1797,-97.6635,Tier 1 — Top 10%
106,88489e06b5fffff,0.6869,207.9,28.6,NaN,0,0,30.0917,-97.5254,Tier 1 — Top 10%
107,88489e32d9fffff,0.6868,208.1,12.7,residential,74328,9,30.1546,-97.7181,Tier 1 — Top 10%
108,88489e274bfffff,0.6865,207.9,11.0,residential,299074,9,30.3633,-97.7161,Tier 1 — Top 10%
109,88489eaed1fffff,0.6859,208.4,23.1,NaN,0,0,30.1021,-97.8884,Tier 1 — Top 10%
110,88489e34a9fffff,0.6849,208.0,8.1,residential,238430,9,30.3300,-97.7856,Tier 1 — Top 10%
111,884898cb19fffff,0.6848,208.2,17.1,residential,49153,9,30.3335,-97.9035,Tier 1 — Top 10%
112,88489e30e3fffff,0.6848,207.9,11.2,vacant,109123,0,30.2191,-97.6405,Tier 1 — Top 10%
113,88489e225bfffff,0.6848,207.9,8.1,industrial,238828,12,30.2726,-97.6592,Tier 1 — Top 10%
114,88489e35b9fffff,0.6842,208.0,8.9,residential,203598,9,30.3472,-97.7355,Tier 1 — Top 10%
115,88489e30d1fffff,0.6842,208.0,8.1,infrastructure,237831,0,30.2177,-97.6813,Tier 1 — Top 10%
116,88489e2263fffff,0.6836,207.8,13.0,residential,70182,9,30.2743,-97.6082,Tier 1 — Top 10%
117,884898d931fffff,0.6827,208.3,12.2,residential,84984,9,30.2421,-97.8669,Tier 1 — Top 10%
118,88489e366dfffff,0.6825,208.2,8.1,commercial,239396,16,30.1991,-97.7721,Tier 1 — Top 10%
119,88489e3257fffff,0.6822,208.1,18.1,vacant,49104,0,30.1176,-97.6698,Tier 1 — Top 10%
120,88489e30d5fffff,0.6820,208.0,8.8,vacant,198698,0,30.2181,-97.6711,Tier 1 — Top 10%
121,88489e3527fffff,0.6819,207.9,8.1,residential,239628,9,30.2955,-97.6658,Tier 1 — Top 10%
122,88489ea8b7fffff,0.6818,208.1,20.4,NaN,0,0,30.0943,-97.6735,Tier 1 — Top 10%
123,88489eaec7fffff,0.6818,208.4,22.3,NaN,0,0,30.0953,-97.8625,Tier 1 — Top 10%
124,88489e3593fffff,0.6816,208.0,9.8,residential,189416,9,30.3540,-97.7616,Tier 1 — Top 10%
125,88489e2215fffff,0.6807,207.8,10.9,residential,118977,9,30.2966,-97.6352,Tier 1 — Top 10%
126,88489e2757fffff,0.6796,207.9,13.4,industrial,500220,12,30.3863,-97.7227,Tier 1 — Top 10%
127,88489e3a37fffff,0.6794,207.7,27.3,NaN,0,0,30.2095,-97.4663,Tier 1 — Top 10%
128,88489e36bdfffff,0.6794,208.2,8.6,residential,208235,9,30.2898,-97.8290,Tier 1 — Top 10%
129,88489e30b5fffff,0.6794,207.9,9.9,industrial,153180,12,30.2500,-97.6424,Tier 1 — Top 10%
130,88489e2c57fffff,0.6793,207.6,29.8,NaN,0,0,30.4989,-97.5865,Tier 1 — Top 10%
131,88489e34b7fffff,0.6792,208.0,11.6,residential,124219,9,30.3605,-97.7978,Tier 1 — Top 10%
132,88489e3a3dfffff,0.6792,207.7,27.9,NaN,0,0,30.1941,-97.4654,Tier 1 — Top 10%
133,88489e2605fffff,0.6787,208.0,13.2,residential,286744,9,30.3848,-97.7635,Tier 1 — Top 10%
134,88489e32dbfffff,0.6786,208.1,11.8,residential,93503,9,30.1621,-97.7237,Tier 1 — Top 10%
135,88489e266dfffff,0.6781,208.0,10.6,residential,258019,9,30.3622,-97.7467,Tier 1 — Top 10%
136,88489eac5dfffff,0.6779,208.3,20.0,vacant,96644,0,30.0972,-97.8115,Tier 1 — Top 10%
137,88489e04c9fffff,0.6777,207.9,29.3,NaN,0,0,30.0920,-97.5152,Tier 1 — Top 10%
138,88489e275dfffff,0.6775,207.9,11.7,unknown,355497,12,30.3708,-97.7217,Tier 1 — Top 10%
139,88489e3483fffff,0.6772,208.1,10.2,residential,142083,9,30.3368,-97.8116,Tier 1 — Top 10%
140,88489e30a3fffff,0.6768,207.9,10.6,residential,128147,9,30.2424,-97.6369,Tier 1 — Top 10%
141,88489e3597fffff,0.6760,208.0,9.7,commercial,212043,16,30.3544,-97.7513,Tier 1 — Top 10%
142,88489e3289fffff,0.6752,208.1,12.5,residential,78686,9,30.1632,-97.6931,Tier 1 — Top 10%
143,88489e2291fffff,0.6748,207.9,10.7,residential,179699,9,30.3489,-97.6845,Tier 1 — Top 10%
144,88489e2201fffff,0.6746,207.8,11.5,residential,100344,9,30.2815,-97.6240,Tier 1 — Top 10%
145,884898514bfffff,0.6745,207.9,29.6,NaN,0,0,30.5214,-97.8338,Tier 1 — Top 10%
146,88489e35b5fffff,0.6745,207.9,10.0,residential,252337,9,30.3554,-97.7207,Tier 1 — Top 10%
147,88489e30b3fffff,0.6741,207.9,8.2,industrial,230123,12,30.2571,-97.6582,Tier 1 — Top 10%
148,88489e36cdfffff,0.6735,208.2,9.3,residential,174348,9,30.2432,-97.8363,Tier 1 — Top 10%
149,884898533bfffff,0.6731,208.0,29.5,vacant,117086,0,30.5128,-97.8589,Tier 1 — Top 10%
150,8848985201fffff,0.6727,208.1,30.0,NaN,0,0,30.4873,-97.9239,Tier 1 — Top 10%
151,88489e3653fffff,0.6727,208.2,9.8,residential,154569,9,30.2202,-97.8297,Tier 1 — Top 10%
152,88489e22c5fffff,0.6724,207.9,9.6,residential,161308,9,30.3113,-97.6565,Tier 1 — Top 10%
153,88489ead89fffff,0.6719,208.2,12.0,residential,89173,9,30.1607,-97.7645,Tier 1 — Top 10%
154,88489e32b5fffff,0.6718,208.0,10.4,NaN,0,0,30.1948,-97.6747,Tier 1 — Top 10%
155,88489e30e9fffff,0.6717,207.9,12.2,residential,85236,9,30.2037,-97.6395,Tier 1 — Top 10%
156,88489e22e7fffff,0.6716,207.8,12.2,vacant,85677,0,30.3274,-97.6371,Tier 1 — Top 10%
157,88489e36ddfffff,0.6713,208.2,11.1,commercial,113574,16,30.2579,-97.8577,Tier 1 — Top 10%
158,884898d927fffff,0.6711,208.2,10.0,commercial,146336,16,30.2353,-97.8409,Tier 1 — Top 10%
159,88489e3487fffff,0.6704,208.1,9.6,residential,163975,9,30.3372,-97.8014,Tier 1 — Top 10%
160,88489e2665fffff,0.6699,207.9,11.4,multifamily,313932,20,30.3701,-97.7421,Tier 1 — Top 10%
161,88489e36b7fffff,0.6695,208.1,9.4,residential,173464,9,30.3052,-97.8300,Tier 1 — Top 10%
162,88489e2c69fffff,0.6694,207.5,29.8,NaN,0,0,30.4770,-97.5493,Tier 1 — Top 10%
163,88489eacabfffff,0.6689,208.3,12.5,residential,78977,9,30.1743,-97.8165,Tier 1 — Top 10%
164,88489e35b7fffff,0.6689,207.9,10.8,residential,296620,9,30.3630,-97.7263,Tier 1 — Top 10%
165,88489e220bfffff,0.6684,207.9,10.6,residential,128038,9,30.2811,-97.6342,Tier 1 — Top 10%
166,88489e3697fffff,0.6683,208.2,11.2,residential,108421,9,30.2966,-97.8551,Tier 1 — Top 10%
167,88489e2663fffff,0.6679,208.0,12.3,residential,288794,9,30.3773,-97.7579,Tier 1 — Top 10%
168,88489e31d3fffff,0.6675,207.9,13.0,industrial,69453,12,30.2277,-97.6155,Tier 1 — Top 10%
169,88489e308bfffff,0.6672,208.0,8.7,residential,205910,9,30.2260,-97.6665,Tier 1 — Top 10%
170,88489e2255fffff,0.6672,207.9,10.0,residential,146334,9,30.2733,-97.6388,Tier 1 — Top 10%
171,8848985b41fffff,0.6671,207.7,29.5,NaN,0,0,30.5267,-97.6804,Tier 1 — Top 10%
172,88489e221dfffff,0.6667,207.9,10.2,residential,140365,9,30.2887,-97.6398,Tier 1 — Top 10%
173,88489e30c3fffff,0.6662,208.0,9.8,infrastructure,156854,0,30.2105,-97.6655,Tier 1 — Top 10%
174,8848985a59fffff,0.6660,207.8,29.5,NaN,0,0,30.5311,-97.7781,Tier 1 — Top 10%
175,88489e3013fffff,0.6659,208.0,12.4,unknown,81390,12,30.1958,-97.6441,Tier 1 — Top 10%
176,88489ead9dfffff,0.6651,208.2,10.6,commercial,125951,16,30.1758,-97.7757,Tier 1 — Top 10%
177,88489e3a07fffff,0.6644,207.7,27.7,NaN,0,0,30.1863,-97.4700,Tier 1 — Top 10%
178,88489e3769fffff,0.6644,208.1,8.0,industrial,245949,12,30.2012,-97.7109,Tier 1 — Top 10%
179,88489e329dfffff,0.6642,208.1,10.6,vacant,128225,0,30.1783,-97.7043,Tier 1 — Top 10%
180,88489e2423fffff,0.6640,207.8,21.1,vacant,208371,0,30.4558,-97.7220,Tier 1 — Top 10%
181,88489e3649fffff,0.6638,208.2,10.6,residential,128463,9,30.1901,-97.8073,Tier 1 — Top 10%
182,88489e3765fffff,0.6636,208.0,7.8,residential,252993,9,30.2095,-97.6961,Tier 1 — Top 10%
183,88489e2207fffff,0.6630,207.8,12.1,vacant,86672,0,30.2894,-97.6194,Tier 1 — Top 10%
184,88489e36c9fffff,0.6629,208.2,10.3,residential,137363,9,30.2428,-97.8465,Tier 1 — Top 10%
185,88489eaca5fffff,0.6622,208.2,11.4,residential,103017,9,30.1750,-97.7961,Tier 1 — Top 10%
186,88489e32b9fffff,0.6618,208.0,10.3,residential,135593,9,30.1865,-97.6895,Tier 1 — Top 10%
187,884898cb0dfffff,0.6610,208.2,13.7,unknown,59317,12,30.3192,-97.8719,Tier 1 — Top 10%
188,88489ead97fffff,0.6609,208.2,9.0,residential,187512,9,30.1912,-97.7767,Tier 1 — Top 10%
189,88489e22c3fffff,0.6608,207.9,8.9,residential,196030,9,30.3185,-97.6723,Tier 1 — Top 10%
190,88489e2217fffff,0.6601,207.8,10.6,residential,125607,9,30.3041,-97.6407,Tier 1 — Top 10%
191,88489e3ad7fffff,0.6592,207.7,20.5,industrial,48984,12,30.2305,-97.5340,Tier 1 — Top 10%
192,88489ead95fffff,0.6583,208.2,9.7,residential,160422,9,30.1837,-97.7711,Tier 1 — Top 10%
193,88489e30bdfffff,0.6576,207.9,9.6,NaN,0,0,30.2421,-97.6471,Tier 1 — Top 10%
194,88489e2753fffff,0.6574,207.9,13.2,industrial,464348,12,30.3859,-97.7329,Tier 1 — Top 10%
195,884898d925fffff,0.6572,208.2,9.9,residential,152265,9,30.2278,-97.8353,Tier 1 — Top 10%
196,88489e22e5fffff,0.6572,207.8,12.2,vacant,85063,0,30.3199,-97.6315,Tier 1 — Top 10%
197,8848985161fffff,0.6570,207.9,29.7,NaN,0,0,30.5304,-97.7985,Tier 1 — Top 10%
198,88489e30c1fffff,0.6570,208.0,10.7,infrastructure,123548,0,30.2030,-97.6599,Tier 1 — Top 10%
199,88489e2229fffff,0.6560,207.8,13.5,NaN,0,0,30.2822,-97.6036,Tier 1 — Top 10%
200,88489eadc7fffff,0.6553,208.2,12.8,residential,73907,9,30.1532,-97.7589,Tier 1 — Top 10%
201,88489e35b3fffff,0.6545,207.9,10.6,residential,281749,9,30.3626,-97.7365,Tier 1 — Top 10%
202,88489e3199fffff,0.6535,207.9,13.2,industrial,66779,12,30.2356,-97.6109,Tier 1 — Top 10%
203,88489eadb3fffff,0.6535,208.1,7.7,residential,259487,9,30.1994,-97.7619,Tier 1 — Top 10%
204,88489e3809fffff,0.6532,207.6,28.8,NaN,0,0,30.2256,-97.4469,Tier 1 — Top 10%
205,88489eadb7fffff,0.6529,208.1,7.5,residential,273312,9,30.1998,-97.7517,Tier 1 — Top 10%
206,88489e22edfffff,0.6525,207.8,11.4,residential,103769,9,30.3120,-97.6361,Tier 1 — Top 10%
207,884898cb25fffff,0.6522,208.1,12.2,residential,85411,9,30.3357,-97.8423,Tier 1 — Top 10%
208,884898cb4dfffff,0.6519,208.2,13.1,residential,67957,9,30.2959,-97.8755,Tier 1 — Top 10%
209,88489e2649fffff,0.6516,208.0,10.3,residential,143838,9,30.3533,-97.7820,Tier 1 — Top 10%
210,884898d935fffff,0.6516,208.3,11.3,residential,108095,9,30.2424,-97.8567,Tier 1 — Top 10%
211,88489e34d3fffff,0.6513,208.1,11.3,residential,107999,9,30.3282,-97.8366,Tier 1 — Top 10%
212,88489e32ddfffff,0.6510,208.1,12.9,residential,71029,9,30.1550,-97.7079,Tier 1 — Top 10%
213,88489e369bfffff,0.6506,208.2,12.4,residential,81092,9,30.2884,-97.8699,Tier 1 — Top 10%
214,8848985b5dfffff,0.6505,207.7,30.0,NaN,0,0,30.5339,-97.6963,Tier 1 — Top 10%
215,88489e35adfffff,0.6504,207.9,8.2,residential,231172,9,30.3328,-97.7039,Tier 1 — Top 10%
216,8848985165fffff,0.6502,207.8,29.6,NaN,0,0,30.5307,-97.7883,Tier 1 — Top 10%
217,88489e2059fffff,0.6495,207.8,13.1,residential,68176,9,30.3202,-97.6213,Tier 1 — Top 10%
218,88489e22a1fffff,0.6491,207.8,13.1,industrial,89519,12,30.3428,-97.6381,Tier 1 — Top 10%
219,88489e35e7fffff,0.6491,207.9,7.2,commercial,295504,16,30.3249,-97.7085,Tier 1 — Top 10%
220,88489e30d3fffff,0.6490,208.0,7.1,residential,302253,9,30.2252,-97.6869,Tier 1 — Top 10%
221,88489e3691fffff,0.6485,208.2,11.4,residential,102901,9,30.2887,-97.8597,Tier 1 — Top 10%
222,88489eadadfffff,0.6484,208.1,10.9,residential,117227,9,30.1697,-97.7293,Tier 1 — Top 10%
223,88489e22b5fffff,0.6482,207.8,13.5,residential,130066,9,30.3579,-97.6493,Tier 1 — Top 10%
224,88489e31e9fffff,0.6480,207.8,18.1,industrial,49101,12,30.2061,-97.5682,Tier 1 — Top 10%
225,88489e2287fffff,0.6474,207.8,11.6,vacant,117797,0,30.3421,-97.6585,Tier 1 — Top 10%
226,884898d9adfffff,0.6470,208.3,13.1,residential,68524,9,30.2726,-97.8791,Tier 1 — Top 10%
227,88489e30dbfffff,0.6470,208.0,7.4,residential,280440,9,30.2174,-97.6915,Tier 1 — Top 10%
228,88489e3567fffff,0.6470,207.9,7.1,vacant,305101,0,30.2722,-97.6694,Tier 1 — Top 10%
229,88489eada3fffff,0.6465,208.1,9.2,residential,181678,9,30.1847,-97.7405,Tier 1 — Top 10%
230,884898c98dfffff,0.6464,208.1,22.0,open_space,48909,0,30.4271,-97.8789,Tier 1 — Top 10%
231,88489e3099fffff,0.6454,208.0,7.0,residential,315591,9,30.2331,-97.6823,Tier 1 — Top 10%
232,88489e30c5fffff,0.6453,208.0,11.4,vacant,103079,0,30.2034,-97.6497,Tier 1 — Top 10%
233,88489eac21fffff,0.6452,208.2,16.3,industrial,49190,12,30.1219,-97.7671,Tier 1 — Top 10%
234,88489e30edfffff,0.6452,207.9,13.0,vacant,69965,0,30.2041,-97.6293,Tier 1 — Top 10%
235,884898cb63fffff,0.6450,208.2,12.8,residential,73602,9,30.3196,-97.8617,Tier 1 — Top 10%
236,88489e356dfffff,0.6448,207.9,7.3,residential,292763,9,30.2568,-97.6684,Tier 1 — Top 10%
237,88489e3745fffff,0.6445,208.1,7.7,industrial,264385,12,30.2009,-97.7211,Tier 1 — Top 10%
238,88489e2763fffff,0.6443,207.8,13.6,residential,308557,9,30.3798,-97.6864,Tier 1 — Top 10%
239,88489e35a1fffff,0.6443,207.9,8.8,residential,201937,9,30.3404,-97.7095,Tier 1 — Top 10%
240,88489eac51fffff,0.6443,208.3,19.4,vacant,95900,0,30.1047,-97.8171,Tier 1 — Top 10%
241,884898c887fffff,0.6443,208.2,27.7,NaN,0,0,30.4400,-97.9515,Tier 1 — Top 10%
242,88489ea5dbfffff,0.6443,208.6,28.7,NaN,0,0,30.0991,-97.9700,Tier 1 — Top 10%
243,88489e30d9fffff,0.6440,208.0,8.4,residential,219295,9,30.2098,-97.6859,Tier 1 — Top 10%
244,88489e2293fffff,0.6438,207.9,11.2,residential,219236,9,30.3565,-97.6901,Tier 1 — Top 10%
245,88489eac85fffff,0.6436,208.3,13.5,residential,61889,9,30.1664,-97.8211,Tier 1 — Top 10%
246,88489e3525fffff,0.6433,207.9,8.3,residential,226490,9,30.2880,-97.6602,Tier 1 — Top 10%
247,88489e3345fffff,0.6432,207.9,25.0,residential,48763,9,30.0978,-97.5716,Tier 1 — Top 10%
248,88489e3583fffff,0.6430,208.0,8.0,residential,242269,9,30.3393,-97.7401,Tier 1 — Top 10%
249,88489e3761fffff,0.6426,208.0,7.4,commercial,285615,16,30.2091,-97.7063,Tier 1 — Top 10%
250,88489e3a39fffff,0.6424,207.7,27.0,NaN,0,0,30.1938,-97.4756,Tier 1 — Top 10%
251,88489e3ad5fffff,0.6423,207.7,21.2,residential,48950,9,30.2229,-97.5284,Tier 1 — Top 10%
252,88489e22dbfffff,0.6417,207.9,7.8,residential,258727,9,30.3253,-97.6983,Tier 1 — Top 10%
253,88489e2219fffff,0.6415,207.9,9.2,residential,178408,9,30.2883,-97.6500,Tier 1 — Top 10%
254,88489e2437fffff,0.6413,207.8,22.7,industrial,146525,12,30.4708,-97.7332,Tier 1 — Top 10%
255,884898516bfffff,0.6413,207.9,29.9,NaN,0,0,30.5300,-97.8087,Tier 1 — Top 10%
256,88489e3759fffff,0.6412,208.1,6.8,residential,329268,9,30.2073,-97.7573,Tier 1 — Top 10%
257,88489e31edfffff,0.6407,207.8,19.0,vacant,49057,0,30.2065,-97.5580,Tier 1 — Top 10%
258,88489ead9bfffff,0.6406,208.2,10.5,residential,131716,9,30.1829,-97.7915,Tier 1 — Top 10%
259,88489e30d7fffff,0.6405,208.0,7.9,residential,250945,9,30.2256,-97.6767,Tier 1 — Top 10%
260,88489eadb9fffff,0.6402,208.2,9.4,residential,171399,9,30.1840,-97.7609,Tier 1 — Top 10%
261,88489e2609fffff,0.6401,208.0,12.6,residential,204990,9,30.3766,-97.7784,Tier 1 — Top 10%
262,88489e3a9dfffff,0.6397,207.7,20.8,NaN,0,0,30.2383,-97.5294,Tier 1 — Top 10%
263,88489ead37fffff,0.6393,208.1,13.7,vacant,58927,0,30.1471,-97.7125,Tier 1 — Top 10%
264,88489e352dfffff,0.6384,207.9,7.7,residential,265495,9,30.2801,-97.6648,Tier 1 — Top 10%
265,88489eadc5fffff,0.6382,208.2,13.6,residential,60774,9,30.1456,-97.7533,Tier 1 — Top 10%
266,884898d9a7fffff,0.6380,208.2,13.4,residential,63838,9,30.2880,-97.8801,Tier 1 — Top 10%
267,88489e36b3fffff,0.6380,208.2,10.2,residential,139641,9,30.3049,-97.8403,Tier 1 — Top 10%
268,88489ea4a7fffff,0.6376,208.6,27.6,NaN,0,0,30.1221,-97.9766,Tier 1 — Top 10%
269,88489e374dfffff,0.6376,208.1,8.4,residential,219301,9,30.1930,-97.7257,Tier 1 — Top 10%
270,88489e3495fffff,0.6375,208.1,11.1,residential,111014,9,30.3443,-97.8172,Tier 1 — Top 10%
271,88489e2759fffff,0.6373,207.9,11.5,residential,342100,9,30.3705,-97.7319,Tier 1 — Top 10%
272,884898d9edfffff,0.6372,208.3,13.6,residential,60755,9,30.2492,-97.8827,Tier 1 — Top 10%
273,88489e22b1fffff,0.6366,207.8,12.9,residential,151314,9,30.3575,-97.6595,Tier 1 — Top 10%
274,88489e3603fffff,0.6366,208.2,7.3,residential,290909,9,30.2288,-97.8046,Tier 1 — Top 10%
275,88489e2211fffff,0.6365,207.9,9.9,residential,150588,9,30.2962,-97.6454,Tier 1 — Top 10%
276,88489e36d5fffff,0.6363,208.2,10.6,NaN,0,0,30.2658,-97.8531,Tier 1 — Top 10%
277,88489e328bfffff,0.6357,208.1,11.5,residential,100486,9,30.1707,-97.6987,Tier 1 — Top 10%
278,88489e3033fffff,0.6352,207.9,13.8,vacant,57080,0,30.2044,-97.6191,Tier 1 — Top 10%
279,884898caabfffff,0.6352,208.3,25.7,NaN,0,0,30.3851,-97.9735,Tier 1 — Top 10%
280,88489e35bbfffff,0.6352,208.0,9.7,residential,231851,9,30.3547,-97.7411,Tier 1 — Top 10%
281,88489ead5dfffff,0.6348,208.2,18.6,NaN,0,0,30.0997,-97.7402,Tier 1 — Top 10%
282,884898cb21fffff,0.6348,208.1,12.9,residential,70695,9,30.3353,-97.8525,Tier 1 — Top 10%
283,8848985337fffff,0.6346,207.9,29.8,NaN,0,0,30.5211,-97.8440,Tier 1 — Top 10%
284,884898caa1fffff,0.6343,208.3,24.9,NaN,0,0,30.3855,-97.9633,Tier 1 — Top 10%
285,884898c813fffff,0.6339,208.2,24.4,NaN,0,0,30.4016,-97.9439,Tier 1 — Top 10%
286,88489eade7fffff,0.6333,208.1,11.8,residential,95259,9,30.1618,-97.7339,Tier 1 — Top 10%
287,88489ead87fffff,0.6333,208.2,10.2,residential,142134,9,30.1765,-97.7553,Tier 1 — Top 10%
288,88489e31c5fffff,0.6321,207.8,17.2,industrial,49145,12,30.2058,-97.5784,Tier 1 — Top 10%
289,884898caa3fffff,0.6320,208.3,25.8,NaN,0,0,30.3930,-97.9689,Tier 1 — Top 10%
290,88489e3695fffff,0.6318,208.2,10.5,multifamily,130403,20,30.2891,-97.8495,Tier 1 — Top 10%
291,884898d929fffff,0.6317,208.3,11.6,residential,99941,9,30.2195,-97.8501,Tier 1 — Top 10%
292,88489e375dfffff,0.6317,208.1,6.6,industrial,343271,12,30.2077,-97.7471,Tier 1 — Top 10%
293,88489e2427fffff,0.6316,207.8,21.2,commercial,204109,16,30.4561,-97.7118,Tier 1 — Top 10%
294,88489e2251fffff,0.6314,207.9,9.1,residential,186947,9,30.2729,-97.6490,Tier 1 — Top 10%
295,88489e2269fffff,0.6309,207.8,13.1,industrial,68405,12,30.2589,-97.6072,Tier 1 — Top 10%
296,88489e36b1fffff,0.6309,208.2,9.4,residential,171321,9,30.2973,-97.8346,Tier 1 — Top 10%
297,88489e30b7fffff,0.6307,207.9,9.2,residential,180723,9,30.2575,-97.6480,Tier 1 — Top 10%
298,88489e2253fffff,0.6305,207.9,8.6,vacant,208290,0,30.2804,-97.6546,Tier 1 — Top 10%
299,88489ead59fffff,0.6299,208.2,18.7,NaN,0,0,30.0993,-97.7504,Tier 1 — Top 10%
300,88489e34bbfffff,0.6296,208.1,11.6,vacant,99759,0,30.3522,-97.8126,Tier 1 — Top 10%
301,88489e2745fffff,0.6295,207.9,11.7,residential,267462,9,30.3640,-97.6957,Tier 1 — Top 10%
302,88489eadabfffff,0.6292,208.1,10.0,open_space,145948,0,30.1768,-97.7451,Tier 1 — Top 10%
303,88489e204bfffff,0.6289,207.8,14.2,NaN,0,0,30.3130,-97.6055,Tier 1 — Top 10%
304,88489ea9b7fffff,0.6289,208.0,23.3,residential,48848,9,30.0968,-97.6022,Tier 1 — Top 10%
305,88489e2239fffff,0.6285,207.8,11.8,residential,93859,9,30.2969,-97.6250,Tier 1 — Top 10%
306,88489e2431fffff,0.6284,207.8,21.8,vacant,171192,0,30.4630,-97.7378,Tier 1 — Top 10%
307,88489e3599fffff,0.6282,208.0,8.1,residential,236818,9,30.3386,-97.7606,Tier 1 — Top 10%
308,88489e3693fffff,0.6281,208.2,12.2,residential,85917,9,30.2962,-97.8653,Tier 1 — Top 10%
309,88489e224bfffff,0.6280,207.9,10.2,vacant,141837,0,30.2578,-97.6378,Tier 1 — Top 10%
310,88489e22d9fffff,0.6278,207.9,7.4,residential,281933,9,30.3178,-97.6927,Tier 1 — Top 10%
311,88489e25cbfffff,0.6275,207.8,22.8,vacant,147867,0,30.4712,-97.7230,Tier 1 — Top 10%
312,88489e376bfffff,0.6274,208.1,7.0,vacant,314110,0,30.2088,-97.7165,Tier 1 — Top 10%
313,88489e385dfffff,0.6272,207.6,27.6,NaN,0,0,30.2174,-97.4617,Tier 1 — Top 10%
314,884898d8e1fffff,0.6272,208.4,20.9,vacant,48967,0,30.2542,-97.9598,Tier 1 — Top 10%
315,88489e3687fffff,0.6270,208.2,8.8,residential,197054,9,30.2819,-97.8337,Tier 1 — Top 10%
316,88489e2213fffff,0.6265,207.9,9.7,residential,157805,9,30.3037,-97.6510,Tier 1 — Top 10%
317,88489e3659fffff,0.6263,208.2,10.8,residential,122276,9,30.2048,-97.8287,Tier 1 — Top 10%
318,88489e36abfffff,0.6261,208.2,7.9,residential,250055,9,30.2823,-97.8234,Tier 1 — Top 10%
319,884898d93bfffff,0.6259,208.3,13.2,residential,66767,9,30.2417,-97.8771,Tier 1 — Top 10%
320,88489e34b3fffff,0.6257,208.1,12.1,residential,104447,9,30.3601,-97.8080,Tier 1 — Top 10%
321,884898d9e7fffff,0.6255,208.3,13.5,vacant,61512,0,30.2647,-97.8837,Tier 1 — Top 10%
322,88489e2e45fffff,0.6255,207.6,22.5,NaN,0,0,30.4216,-97.5919,Tier 1 — Top 10%
323,88489e36bbfffff,0.6254,208.2,10.3,residential,136497,9,30.2970,-97.8449,Tier 1 — Top 10%
324,884898cb31fffff,0.6253,208.2,15.6,residential,49227,9,30.3500,-97.8739,Tier 1 — Top 10%
325,88489e24cbfffff,0.6252,207.9,22.9,commercial,96721,16,30.4687,-97.7945,Tier 1 — Top 10%
326,88489e229bfffff,0.6252,207.9,10.2,residential,195228,9,30.3486,-97.6947,Tier 1 — Top 10%
327,884898c93bfffff,0.6251,208.1,18.5,commercial,56914,16,30.4049,-97.8519,Tier 1 — Top 10%
328,88489e2221fffff,0.6251,207.8,14.1,open_space,53404,0,30.2901,-97.5990,Tier 1 — Top 10%
329,884898cb11fffff,0.6250,208.2,17.1,residential,49152,9,30.3414,-97.8989,Tier 1 — Top 10%
330,884898ca6bfffff,0.6250,208.3,19.3,NaN,0,0,30.3091,-97.9378,Tier 1 — Top 10%
331,88489e2621fffff,0.6249,207.9,14.0,commercial,399767,16,30.3931,-97.7487,Tier 1 — Top 10%
332,88489e30ddfffff,0.6249,208.0,9.1,NaN,0,0,30.2102,-97.6757,Tier 1 — Top 10%
333,88489e24c7fffff,0.6248,207.9,23.6,vacant,92554,0,30.4770,-97.7797,Tier 1 — Top 10%
334,88489e2443fffff,0.6247,207.9,17.4,residential,328023,9,30.4239,-97.7507,Tier 1 — Top 10%
335,88489e2001fffff,0.6246,207.7,16.5,vacant,49183,0,30.3366,-97.5917,Tier 1 — Top 10%
336,884898ca47fffff,0.6245,208.3,20.2,NaN,0,0,30.3087,-97.9480,Tier 1 — Top 10%
337,884898ca2dfffff,0.6245,208.3,18.0,residential,49106,9,30.3253,-97.9184,Tier 1 — Top 10%
338,88489e24ebfffff,0.6242,207.9,23.5,commercial,101780,16,30.4773,-97.7695,Tier 1 — Top 10%
339,8848985245fffff,0.6238,208.1,27.6,NaN,0,0,30.4644,-97.9172,Tier 1 — Top 10%
340,88489e3489fffff,0.6238,208.1,8.8,residential,196989,9,30.3214,-97.8106,Tier 1 — Top 10%
341,88489e24bdfffff,0.6235,207.8,26.9,open_space,97843,0,30.5081,-97.7715,Tier 1 — Top 10%
342,88489e3669fffff,0.6234,208.2,8.5,residential,215318,9,30.1987,-97.7823,Tier 1 — Top 10%
343,884898c83dfffff,0.6233,208.2,21.3,commercial,48947,16,30.3952,-97.9076,Tier 1 — Top 10%
344,88489e25e1fffff,0.6233,207.7,24.3,commercial,115816,16,30.4801,-97.6877,Tier 1 — Top 10%
345,88489e2ebdfffff,0.6231,207.6,29.5,NaN,0,0,30.5130,-97.6284,Tier 1 — Top 10%
346,8848985b59fffff,0.6231,207.7,29.8,NaN,0,0,30.5335,-97.7065,Tier 1 — Top 10%
347,88489e24c3fffff,0.6230,207.9,23.7,commercial,105568,16,30.4766,-97.7899,Tier 1 — Top 10%
348,884898cb35fffff,0.6229,208.2,14.8,residential,49264,9,30.3504,-97.8637,Tier 1 — Top 10%
349,88489e3569fffff,0.6228,208.0,6.3,residential,371963,9,30.2564,-97.6786,Tier 1 — Top 10%
350,884898c885fffff,0.6224,208.2,26.8,residential,48678,9,30.4325,-97.9459,Tier 1 — Top 10%
351,884898cb39fffff,0.6223,208.2,15.4,residential,49233,9,30.3421,-97.8785,Tier 1 — Top 10%
352,88489e2455fffff,0.6223,207.9,18.3,commercial,270448,16,30.4314,-97.7563,Tier 1 — Top 10%
353,88489e2e31fffff,0.6214,207.6,26.5,NaN,0,0,30.4678,-97.5948,Tier 1 — Top 10%
354,88489e2057fffff,0.6213,207.8,14.7,vacant,54827,0,30.3360,-97.6121,Tier 1 — Top 10%
355,88489e368bfffff,0.6211,208.2,10.1,multifamily,142530,20,30.2737,-97.8485,Tier 1 — Top 10%
356,88489e319bfffff,0.6211,207.9,12.5,industrial,80007,12,30.2431,-97.6165,Tier 1 — Top 10%
357,8848985317fffff,0.6210,208.0,29.8,residential,96760,9,30.5125,-97.8691,Tier 1 — Top 10%
358,88489e2ee1fffff,0.6208,207.6,26.9,NaN,0,0,30.4825,-97.6162,Tier 1 — Top 10%
359,884898c923fffff,0.6207,208.0,16.6,open_space,93796,0,30.3981,-97.8258,Tier 1 — Top 10%
360,88489eadc3fffff,0.6206,208.2,13.0,residential,70433,9,30.1528,-97.7691,Tier 1 — Top 10%
361,88489e24d1fffff,0.6205,207.9,24.8,open_space,143965,0,30.4838,-97.8058,Tier 1 — Top 10%
362,88489eacb3fffff,0.6201,208.3,11.7,residential,97376,9,30.1969,-97.8333,Tier 1 — Top 10%
363,88489e2ed9fffff,0.6199,207.7,24.8,NaN,0,0,30.4808,-97.6673,Tier 1 — Top 10%
364,88489e31d7fffff,0.6199,207.9,13.9,industrial,55273,12,30.2281,-97.6053,Tier 1 — Top 10%
365,88489e35a7fffff,0.6198,207.9,9.7,residential,206626,9,30.3482,-97.7049,Tier 1 — Top 10%
366,88489e2627fffff,0.6196,207.9,14.9,commercial,450347,16,30.4010,-97.7441,Tier 1 — Top 10%
367,88489e2711fffff,0.6193,207.9,15.1,commercial,665972,16,30.4017,-97.7237,Tier 1 — Top 10%
368,88489e2e33fffff,0.6191,207.6,26.9,NaN,0,0,30.4753,-97.6004,Tier 1 — Top 10%
369,88489e35e3fffff,0.6190,207.9,6.8,residential,329130,9,30.3246,-97.7187,Tier 1 — Top 10%
370,884898c9dbfffff,0.6190,208.2,24.5,residential,48791,9,30.4257,-97.9198,Tier 1 — Top 10%
371,88489e223bfffff,0.6190,207.8,11.6,residential,99705,9,30.3044,-97.6305,Tier 1 — Top 10%
372,884898ca25fffff,0.6189,208.2,18.0,residential,49110,9,30.3332,-97.9138,Tier 1 — Top 10%
373,88489e2193fffff,0.6188,207.6,22.2,NaN,0,0,30.4140,-97.5863,Tier 1 — Top 10%
374,884898c8c3fffff,0.6188,208.2,27.0,NaN,0,0,30.4163,-97.9653,Tier 1 — Top 10%
375,88489e362bfffff,0.6186,208.2,5.8,residential,426890,9,30.2296,-97.7842,Tier 1 — Top 10%
376,88489e353bfffff,0.6184,207.9,5.5,residential,459586,9,30.3020,-97.7020,Tier 1 — Top 10%
377,88489e200bfffff,0.6184,207.7,15.6,vacant,49226,0,30.3363,-97.6019,Tier 1 — Top 10%
378,88489e328dfffff,0.6184,208.1,12.9,residential,71702,9,30.1636,-97.6830,Tier 1 — Top 10%
379,8848985a41fffff,0.6183,207.8,28.6,NaN,0,0,30.5242,-97.7520,Tier 1 — Top 10%
380,88489e2093fffff,0.6180,207.8,18.0,commercial,203345,16,30.4116,-97.6578,Tier 1 — Top 10%
381,88489e3a8bfffff,0.6180,207.7,21.5,vacant,48938,0,30.2308,-97.5238,Tier 1 — Top 10%
382,8848985339fffff,0.6179,208.0,28.5,NaN,0,0,30.5053,-97.8533,Tier 1 — Top 10%
383,88489e223dfffff,0.6177,207.8,12.8,NaN,0,0,30.2973,-97.6148,Tier 1 — Top 10%
384,88489e36c3fffff,0.6176,208.2,10.1,residential,145094,9,30.2582,-97.8475,Tier 1 — Top 10%
385,88489e2e69fffff,0.6174,207.6,23.1,NaN,0,0,30.4219,-97.5817,Tier 1 — Top 10%
386,88489e2547fffff,0.6174,207.8,19.1,residential,221982,9,30.4267,-97.6690,Tier 1 — Top 10%
387,88489e2267fffff,0.6173,207.8,14.0,residential,54936,9,30.2746,-97.5980,Tier 1 — Top 10%
388,88489e2ebbfffff,0.6171,207.6,29.7,NaN,0,0,30.5202,-97.6442,Tier 1 — Top 10%
389,8848985b4bfffff,0.6167,207.7,29.3,NaN,0,0,30.5263,-97.6907,Tier 1 — Top 10%
390,88489e2545fffff,0.6167,207.8,18.5,residential,215862,9,30.4192,-97.6634,Tier 1 — Top 10%
391,88489e22c9fffff,0.6167,207.9,8.0,residential,246107,9,30.3030,-97.6714,Tier 1 — Top 10%
392,88489e2531fffff,0.6166,207.7,23.2,vacant,119119,0,30.4654,-97.6663,Tier 1 — Top 10%
393,88489e3417fffff,0.6164,208.1,5.3,residential,482348,9,30.2991,-97.7836,Tier 1 — Top 10%
394,884898d85bfffff,0.6163,208.5,23.5,vacant,48840,0,30.2071,-97.9771,Tier 1 — Top 10%
395,88489e22abfffff,0.6163,207.8,12.4,residential,103215,9,30.3425,-97.6483,Tier 1 — Top 10%
396,88489eac57fffff,0.6163,208.3,18.4,residential,79440,9,30.1126,-97.8125,Tier 1 — Top 10%
397,88489e3a21fffff,0.6162,207.7,29.6,NaN,0,0,30.1869,-97.4496,Tier 1 — Top 10%
398,884898cab5fffff,0.6160,208.3,26.7,NaN,0,0,30.4005,-97.9745,Tier 1 — Top 10%
399,88489e2533fffff,0.6157,207.7,23.9,industrial,109910,12,30.4729,-97.6719,Tier 1 — Top 10%
400,88489e22adfffff,0.6156,207.8,13.0,commercial,74035,16,30.3353,-97.6325,Tier 1 — Top 10%
401,884898cb61fffff,0.6155,208.2,11.9,residential,91020,9,30.3120,-97.8561,Tier 1 — Top 10%
402,88489e3051fffff,0.6154,208.0,14.9,residential,49258,9,30.1650,-97.6422,Tier 1 — Top 10%
403,88489e2e89fffff,0.6153,207.7,26.5,NaN,0,0,30.4894,-97.6422,Tier 1 — Top 10%
404,8848985141fffff,0.6148,207.9,29.3,NaN,0,0,30.5218,-97.8236,Tier 1 — Top 10%
405,88489e04cdfffff,0.6147,207.8,30.0,NaN,0,0,30.0924,-97.5050,Tier 1 — Top 10%
406,88489e3093fffff,0.6146,208.0,6.1,residential,390521,9,30.2486,-97.6832,Tier 1 — Top 10%
407,88489e2703fffff,0.6146,207.9,14.6,residential,520716,9,30.3945,-97.7079,Tier 1 — Top 10%
408,88489e366bfffff,0.6146,208.2,8.0,residential,242004,9,30.2062,-97.7879,Tier 1 — Top 10%
409,88489e24ddfffff,0.6145,207.9,23.9,commercial,118005,16,30.4763,-97.8001,Tier 1 — Top 10%
410,88489e3ad9fffff,0.6144,207.8,20.1,vacant,49006,0,30.2147,-97.5432,Tier 1 — Top 10%
411,88489e2051fffff,0.6144,207.8,13.9,vacant,55791,0,30.3281,-97.6167,Tier 1 — Top 10%
412,88489e3709fffff,0.6144,208.1,5.8,residential,422834,9,30.2159,-97.7323,Tier 2 — Top 25%
413,88489e224dfffff,0.6143,207.9,11.8,industrial,94907,12,30.2507,-97.6221,Tier 2 — Top 25%
414,88489e3057fffff,0.6142,208.0,14.6,residential,49275,9,30.1729,-97.6376,Tier 2 — Top 25%
415,88489e2453fffff,0.6141,207.9,19.3,residential,194105,9,30.4386,-97.7721,Tier 2 — Top 25%
416,88489e3281fffff,0.6141,208.1,11.9,vacant,91816,0,30.1711,-97.6885,Tier 2 — Top 25%
417,8848985325fffff,0.6141,207.9,26.7,NaN,0,0,30.4988,-97.8170,Tier 2 — Top 25%
418,88489e2451fffff,0.6138,207.9,18.4,residential,234419,9,30.4311,-97.7665,Tier 2 — Top 25%
419,884898db57fffff,0.6134,208.4,20.8,vacant,48968,0,30.1627,-97.9231,Tier 2 — Top 25%
420,884898ca45fffff,0.6134,208.3,19.5,NaN,0,0,30.3012,-97.9424,Tier 2 — Top 25%
421,88489e3767fffff,0.6134,208.0,6.9,residential,324357,9,30.2170,-97.7017,Tier 2 — Top 25%
422,88489e25a1fffff,0.6134,207.7,26.9,NaN,0,0,30.5034,-97.6841,Tier 2 — Top 25%
423,88489e2231fffff,0.6131,207.8,12.5,residential,78976,9,30.3048,-97.6203,Tier 2 — Top 25%
424,88489e301dfffff,0.6131,208.0,14.3,residential,50485,9,30.1807,-97.6330,Tier 2 — Top 25%
425,884898c93dfffff,0.6130,208.1,17.0,open_space,77089,0,30.3977,-97.8360,Tier 2 — Top 25%
426,88489e25bbfffff,0.6129,207.7,28.0,NaN,0,0,30.5178,-97.7157,Tier 2 — Top 25%
427,884898ca09fffff,0.6128,208.3,20.9,NaN,0,0,30.3162,-97.9536,Tier 2 — Top 25%
428,884898c99bfffff,0.6126,208.1,26.2,NaN,0,0,30.4490,-97.9162,Tier 2 — Top 25%
429,88489e3539fffff,0.6124,207.9,5.4,residential,464884,9,30.2945,-97.6964,Tier 2 — Top 25%
430,88489e364dfffff,0.6124,208.2,10.0,residential,148321,9,30.1905,-97.7971,Tier 2 — Top 25%
431,88489e31b3fffff,0.6123,207.8,15.0,residential,49253,9,30.2596,-97.5869,Tier 2 — Top 25%
432,884898c939fffff,0.6121,208.1,17.5,commercial,63357,16,30.3974,-97.8463,Tier 2 — Top 25%
433,88489e3743fffff,0.6120,208.1,6.6,industrial,345302,12,30.2080,-97.7369,Tier 2 — Top 25%
434,88489e2049fffff,0.6120,207.8,14.4,NaN,0,0,30.3055,-97.5999,Tier 2 — Top 25%
435,88489e3087fffff,0.6119,207.9,9.5,residential,166655,9,30.2342,-97.6517,Tier 2 — Top 25%
436,884898c849fffff,0.6119,208.2,19.6,residential,49026,9,30.3482,-97.9250,Tier 2 — Top 25%
437,88489e2557fffff,0.6119,207.8,20.0,residential,240281,9,30.4414,-97.6904,Tier 2 — Top 25%
438,88489ea4e3fffff,0.6118,208.6,30.3,NaN,0,0,30.0983,-97.9904,Tier 2 — Top 25%
439,88489e213dfffff,0.6118,207.6,24.3,NaN,0,0,30.3548,-97.5110,Tier 2 — Top 25%
440,88489e2f17fffff,0.6116,207.5,29.5,NaN,0,0,30.4695,-97.5437,Tier 2 — Top 25%
441,88489e370dfffff,0.6116,208.1,6.0,residential,400616,9,30.2163,-97.7221,Tier 2 — Top 25%
442,88489e2139fffff,0.6116,207.6,23.4,NaN,0,0,30.3544,-97.5212,Tier 2 — Top 25%
443,88489e2563fffff,0.6115,207.7,20.5,residential,158365,9,30.4349,-97.6541,Tier 2 — Top 25%
444,88489e2237fffff,0.6115,207.8,13.2,residential,65844,9,30.3127,-97.6157,Tier 2 — Top 25%
445,88489e2eb9fffff,0.6114,207.6,29.1,NaN,0,0,30.5127,-97.6386,Tier 2 — Top 25%
446,88489e36edfffff,0.6110,208.2,6.8,open_space,331699,0,30.2518,-97.8112,Tier 2 — Top 25%
447,884898532dfffff,0.6110,207.9,26.0,NaN,0,0,30.4910,-97.8216,Tier 2 — Top 25%
448,8848985b43fffff,0.6108,207.7,30.2,NaN,0,0,30.5342,-97.6860,Tier 2 — Top 25%
449,88489e24d7fffff,0.6108,207.9,25.6,residential,155508,9,30.4917,-97.8011,Tier 2 — Top 25%
450,88489e26b7fffff,0.6108,207.9,23.1,commercial,104575,16,30.4684,-97.8048,Tier 2 — Top 25%
451,88489e2eddfffff,0.6106,207.7,25.2,NaN,0,0,30.4812,-97.6571,Tier 2 — Top 25%
452,884898ca2bfffff,0.6105,208.3,19.7,residential,49022,9,30.3324,-97.9342,Tier 2 — Top 25%
453,884898c82bfffff,0.6103,208.2,20.3,commercial,48994,16,30.3877,-97.9020,Tier 2 — Top 25%
454,884898d91dfffff,0.6103,208.3,14.5,residential,49280,9,30.2259,-97.8863,Tier 2 — Top 25%
455,88489e25c9fffff,0.6102,207.8,22.0,vacant,174578,0,30.4637,-97.7174,Tier 2 — Top 25%
456,88489e354dfffff,0.6099,208.0,5.2,vacant,488454,0,30.2482,-97.6934,Tier 2 — Top 25%
457,884898c8c7fffff,0.6096,208.2,26.3,NaN,0,0,30.4167,-97.9551,Tier 2 — Top 25%
458,88489e24e1fffff,0.6096,207.9,23.5,vacant,110152,0,30.4777,-97.7593,Tier 2 — Top 25%
459,88489e22ebfffff,0.6090,207.8,10.5,residential,130757,9,30.3192,-97.6519,Tier 2 — Top 25%
460,88489e36e5fffff,0.6090,208.2,6.2,residential,385961,9,30.2597,-97.8066,Tier 2 — Top 25%
461,88489e32a7fffff,0.6090,208.0,12.0,infrastructure,89838,0,30.1876,-97.6589,Tier 2 — Top 25%
462,88489e2e97fffff,0.6087,207.6,29.4,NaN,0,0,30.5198,-97.6544,Tier 2 — Top 25%
463,8848985367fffff,0.6086,208.0,25.3,NaN,0,0,30.4831,-97.8262,Tier 2 — Top 25%
464,884898d903fffff,0.6084,208.3,13.6,residential,60683,9,30.2263,-97.8761,Tier 2 — Top 25%
465,88489e2ac9fffff,0.6082,207.6,26.0,NaN,0,0,30.3630,-97.4962,Tier 2 — Top 25%
466,88489e2297fffff,0.6082,207.9,11.7,residential,197294,9,30.3568,-97.6799,Tier 2 — Top 25%
467,88489e2541fffff,0.6081,207.8,18.1,commercial,259782,16,30.4188,-97.6736,Tier 2 — Top 25%
468,88489e24dbfffff,0.6080,207.9,25.0,NaN,0,0,30.4834,-97.8160,Tier 2 — Top 25%
469,88489e2e8dfffff,0.6078,207.6,26.9,NaN,0,0,30.4897,-97.6320,Tier 2 — Top 25%
470,884898c8b3fffff,0.6078,208.2,30.0,NaN,0,0,30.4629,-97.9582,Tier 2 — Top 25%
471,884898c845fffff,0.6076,208.2,18.9,residential,49065,9,30.3565,-97.9102,Tier 2 — Top 25%
472,88489e20c3fffff,0.6076,207.8,15.4,industrial,131424,12,30.3736,-97.6400,Tier 2 — Top 25%
473,88489e200dfffff,0.6075,207.7,16.6,vacant,49177,0,30.3291,-97.5861,Tier 2 — Top 25%
474,88489e375bfffff,0.6075,208.1,6.1,residential,389650,9,30.2149,-97.7629,Tier 2 — Top 25%
475,884898ca0bfffff,0.6073,208.3,21.7,NaN,0,0,30.3238,-97.9592,Tier 2 — Top 25%
476,88489e2519fffff,0.6073,207.8,20.7,residential,218534,9,30.4490,-97.6960,Tier 2 — Top 25%
477,88489e2087fffff,0.6072,207.7,18.3,industrial,113068,12,30.3973,-97.6262,Tier 2 — Top 25%
478,88489e35a9fffff,0.6072,207.9,7.8,residential,257845,9,30.3325,-97.7141,Tier 2 — Top 25%
479,88489e25a7fffff,0.6071,207.7,27.8,NaN,0,0,30.5113,-97.6795,Tier 2 — Top 25%
480,88489e326dfffff,0.6070,208.0,22.3,vacant,48897,0,30.0961,-97.6226,Tier 2 — Top 25%
481,88489eadd9fffff,0.6070,208.2,13.6,residential,60750,9,30.1521,-97.7895,Tier 2 — Top 25%
482,88489eada9fffff,0.6069,208.1,10.9,residential,118265,9,30.1693,-97.7395,Tier 2 — Top 25%
483,88489e30ebfffff,0.6069,207.9,11.3,residential,107180,9,30.2112,-97.6451,Tier 2 — Top 25%
484,88489e2629fffff,0.6069,207.9,13.2,residential,342665,9,30.3852,-97.7533,Tier 2 — Top 25%
485,88489e202bfffff,0.6069,207.7,18.1,vacant,49100,0,30.3449,-97.5769,Tier 2 — Top 25%
486,88489e2553fffff,0.6067,207.8,19.8,commercial,265886,16,30.4411,-97.7006,Tier 2 — Top 25%
487,88489ead6dfffff,0.6066,208.1,19.9,NaN,0,0,30.0936,-97.6938,Tier 2 — Top 25%
488,88489eada7fffff,0.6062,208.1,9.2,open_space,179904,0,30.1851,-97.7303,Tier 2 — Top 25%
489,88489e31a1fffff,0.6061,207.8,17.9,vacant,49112,0,30.2373,-97.5599,Tier 2 — Top 25%
490,88489e25b7fffff,0.6061,207.7,29.1,NaN,0,0,30.5260,-97.7009,Tier 2 — Top 25%
491,884898ca17fffff,0.6060,208.3,23.1,NaN,0,0,30.3467,-97.9659,Tier 2 — Top 25%
492,884898cb15fffff,0.6059,208.2,16.3,residential,49193,9,30.3418,-97.8887,Tier 2 — Top 25%
493,8848985a49fffff,0.6058,207.8,27.7,residential,71973,9,30.5164,-97.7566,Tier 2 — Top 25%
494,88489e2435fffff,0.6058,207.8,21.9,NaN,0,0,30.4633,-97.7276,Tier 2 — Top 25%
495,8848985b47fffff,0.6057,207.7,30.4,NaN,0,0,30.5346,-97.6758,Tier 2 — Top 25%
496,88489e2487fffff,0.6055,207.9,26.1,residential,106373,9,30.5003,-97.7761,Tier 2 — Top 25%
497,8848985147fffff,0.6055,207.9,30.1,NaN,0,0,30.5297,-97.8190,Tier 2 — Top 25%
498,88489e2005fffff,0.6055,207.7,17.3,residential,49139,9,30.3370,-97.5815,Tier 2 — Top 25%
499,88489e32c7fffff,0.6052,208.1,13.5,residential,61577,9,30.1557,-97.6876,Tier 2 — Top 25%
500,88489e2499fffff,0.6051,207.9,26.5,open_space,186697,0,30.4992,-97.8068,Tier 2 — Top 25%
501,88489e25b5fffff,0.6049,207.7,28.3,NaN,0,0,30.5185,-97.6953,Tier 2 — Top 25%
502,88489e25ddfffff,0.6048,207.8,23.6,vacant,124375,0,30.4787,-97.7286,Tier 2 — Top 25%
503,88489e26a1fffff,0.6047,207.9,20.3,residential,138664,9,30.4458,-97.7879,Tier 2 — Top 25%
504,88489e209bfffff,0.6046,207.8,17.0,commercial,226708,16,30.4038,-97.6624,Tier 2 — Top 25%
505,88489e34a7fffff,0.6046,208.0,9.3,residential,175956,9,30.3458,-97.7764,Tier 2 — Top 25%
506,88489eac15fffff,0.6045,208.3,16.5,vacant,54074,0,30.1284,-97.8033,Tier 2 — Top 25%
507,88489e3233fffff,0.6044,208.0,15.8,open_space,49215,0,30.1492,-97.6514,Tier 2 — Top 25%
508,8848985345fffff,0.6044,208.0,24.3,NaN,0,0,30.4669,-97.8457,Tier 2 — Top 25%
509,88489e35e5fffff,0.6042,207.9,6.8,residential,330067,9,30.3174,-97.7029,Tier 2 — Top 25%
510,88489e2353fffff,0.6041,207.8,15.5,residential,49233,9,30.2829,-97.5832,Tier 2 — Top 25%
511,8848985109fffff,0.6041,207.9,31.0,NaN,0,0,30.5372,-97.8246,Tier 2 — Top 25%
512,88489e3097fffff,0.6041,208.0,7.0,industrial,310452,12,30.2489,-97.6730,Tier 2 — Top 25%
513,88489e253bfffff,0.6040,207.7,22.9,residential,133681,9,30.4651,-97.6765,Tier 2 — Top 25%
514,88489e21e9fffff,0.6040,207.6,22.3,NaN,0,0,30.3692,-97.5426,Tier 2 — Top 25%
515,88489e25a3fffff,0.6039,207.7,27.6,NaN,0,0,30.5109,-97.6897,Tier 2 — Top 25%
516,884898c8bbfffff,0.6038,208.2,29.7,NaN,0,0,30.4550,-97.9628,Tier 2 — Top 25%
517,88489e305bfffff,0.6035,208.0,14.4,residential,49733,9,30.1646,-97.6524,Tier 2 — Top 25%
518,884898d9a1fffff,0.6034,208.3,13.7,residential,58983,9,30.2801,-97.8847,Tier 2 — Top 25%
519,8848985303fffff,0.6034,208.0,27.9,open_space,119185,0,30.4974,-97.8579,Tier 2 — Top 25%
520,88489e31d5fffff,0.6033,207.9,14.7,vacant,49269,0,30.2205,-97.5997,Tier 2 — Top 25%
521,88489eaeb1fffff,0.6033,208.4,18.6,vacant,56841,0,30.1341,-97.8599,Tier 2 — Top 25%
522,88489e20c7fffff,0.6032,207.8,16.1,vacant,109672,0,30.3740,-97.6298,Tier 2 — Top 25%
523,88489e3655fffff,0.6029,208.2,9.1,residential,185952,9,30.2131,-97.8139,Tier 2 — Top 25%
524,88489e3749fffff,0.6029,208.1,8.3,residential,224804,9,30.1926,-97.7359,Tier 2 — Top 25%
525,88489e2131fffff,0.6029,207.6,24.2,NaN,0,0,30.3623,-97.5166,Tier 2 — Top 25%
526,88489e2555fffff,0.6029,207.8,19.4,residential,256158,9,30.4339,-97.6848,Tier 2 — Top 25%
527,88489e3607fffff,0.6028,208.2,6.5,residential,354942,9,30.2292,-97.7944,Tier 2 — Top 25%
528,884898506dfffff,0.6026,208.0,30.5,NaN,0,0,30.5203,-97.8645,Tier 2 — Top 25%
529,884898520dfffff,0.6026,208.1,29.0,NaN,0,0,30.4798,-97.9183,Tier 2 — Top 25%
530,88489e24d5fffff,0.6026,207.9,24.6,residential,128327,9,30.4841,-97.7955,Tier 2 — Top 25%
531,88489e2e07fffff,0.6026,207.6,25.1,NaN,0,0,30.4524,-97.5938,Tier 2 — Top 25%
532,88489e3643fffff,0.6026,208.2,9.3,residential,176658,9,30.2055,-97.8083,Tier 2 — Top 25%
533,88489e3287fffff,0.6023,208.0,11.3,industrial,105761,12,30.1790,-97.6839,Tier 2 — Top 25%
534,88489e2007fffff,0.6023,207.7,17.3,vacant,49143,0,30.3445,-97.5871,Tier 2 — Top 25%
535,88489e2257fffff,0.6023,207.9,9.6,residential,163334,9,30.2808,-97.6444,Tier 2 — Top 25%
536,88489e3acbfffff,0.6021,207.8,21.8,residential,48923,9,30.2075,-97.5274,Tier 2 — Top 25%
537,884898d8e5fffff,0.6021,208.4,19.9,vacant,49015,0,30.2545,-97.9496,Tier 2 — Top 25%
538,884898d963fffff,0.6020,208.3,12.4,residential,81632,9,30.2116,-97.8547,Tier 2 — Top 25%
539,88489e2425fffff,0.6020,207.8,20.5,industrial,235320,12,30.4486,-97.7062,Tier 2 — Top 25%
540,88489e3689fffff,0.6019,208.2,9.6,residential,164052,9,30.2661,-97.8429,Tier 2 — Top 25%
541,88489ea4adfffff,0.6017,208.6,28.6,NaN,0,0,30.1066,-97.9756,Tier 2 — Top 25%
542,884898db05fffff,0.6016,208.4,18.4,residential,49088,9,30.1638,-97.8925,Tier 2 — Top 25%
543,88489eae91fffff,0.6014,208.4,20.8,vacant,52173,0,30.1254,-97.8849,Tier 2 — Top 25%
544,88489e25c1fffff,0.6013,207.8,22.9,residential,145594,9,30.4715,-97.7128,Tier 2 — Top 25%
545,88489e2713fffff,0.6013,207.9,15.8,residential,553256,9,30.4092,-97.7293,Tier 2 — Top 25%
546,88489e24d3fffff,0.6010,207.9,25.8,NaN,0,0,30.4913,-97.8114,Tier 2 — Top 25%
547,88489e2133fffff,0.6007,207.6,24.1,NaN,0,0,30.3698,-97.5222,Tier 2 — Top 25%
548,88489e3547fffff,0.6006,208.0,4.7,residential,556861,9,30.2636,-97.6944,Tier 2 — Top 25%
549,88489eaee3fffff,0.6006,208.4,20.8,NaN,0,0,30.1036,-97.8477,Tier 2 — Top 25%
550,88489e2ec7fffff,0.6006,207.7,26.0,NaN,0,0,30.4818,-97.6366,Tier 2 — Top 25%
551,8848985a65fffff,0.6005,207.7,29.7,NaN,0,0,30.5332,-97.7167,Tier 2 — Top 25%
552,88489e2205fffff,0.6005,207.8,12.5,vacant,78626,0,30.2818,-97.6138,Tier 2 — Top 25%
553,88489e22b3fffff,0.6001,207.8,13.2,residential,182599,9,30.3651,-97.6651,Tier 2 — Top 25%
554,884898c8c5fffff,0.6000,208.2,25.3,NaN,0,0,30.4092,-97.9495,Tier 2 — Top 25%
555,88489e2285fffff,0.5999,207.8,11.5,residential,102808,9,30.3346,-97.6529,Tier 2 — Top 25%
556,884898cb41fffff,0.5998,208.2,13.8,residential,56447,9,30.3034,-97.8811,Tier 2 — Top 25%
557,88489eadb5fffff,0.5997,208.1,8.3,residential,223915,9,30.1923,-97.7461,Tier 2 — Top 25%
558,88489e3591fffff,0.5996,208.0,8.9,residential,194483,9,30.3465,-97.7560,Tier 2 — Top 25%
559,88489eaedbfffff,0.5993,208.5,23.7,NaN,0,0,30.1017,-97.8986,Tier 2 — Top 25%
560,88489eadebfffff,0.5993,208.2,12.7,residential,76143,9,30.1535,-97.7487,Tier 2 — Top 25%
561,884898cb27fffff,0.5992,208.1,13.1,residential,67407,9,30.3432,-97.8479,Tier 2 — Top 25%
562,88489e2e47fffff,0.5989,207.6,22.8,NaN,0,0,30.4291,-97.5975,Tier 2 — Top 25%
563,88489e2525fffff,0.5988,207.7,22.9,NaN,0,0,30.4510,-97.6347,Tier 2 — Top 25%
564,884898ca43fffff,0.5987,208.3,21.2,NaN,0,0,30.3083,-97.9582,Tier 2 — Top 25%
565,88489e2719fffff,0.5986,207.9,14.1,commercial,563690,16,30.3938,-97.7283,Tier 2 — Top 25%
566,884898d965fffff,0.5985,208.3,11.5,residential,100342,9,30.2044,-97.8389,Tier 2 — Top 25%
567,88489e2697fffff,0.5985,208.0,23.0,residential,89550,9,30.4598,-97.8298,Tier 2 — Top 25%
568,88489e24b7fffff,0.5981,207.8,28.6,NaN,0,0,30.5235,-97.7725,Tier 2 — Top 25%
569,884898caa9fffff,0.5980,208.3,24.8,NaN,0,0,30.3776,-97.9679,Tier 2 — Top 25%
570,88489e2eb1fffff,0.5980,207.6,30.1,NaN,0,0,30.5205,-97.6340,Tier 2 — Top 25%
571,88489e2441fffff,0.5978,207.9,16.6,residential,396219,9,30.4164,-97.7451,Tier 2 — Top 25%
572,88489eac6bfffff,0.5978,208.3,19.1,vacant,55005,0,30.0983,-97.7809,Tier 2 — Top 25%
573,88489e34ddfffff,0.5978,208.1,9.4,residential,171173,9,30.3131,-97.8254,Tier 2 — Top 25%
574,884898c827fffff,0.5977,208.1,19.9,residential,49014,9,30.3959,-97.8871,Tier 2 — Top 25%
575,8848985b55fffff,0.5977,207.7,30.9,NaN,0,0,30.5417,-97.6916,Tier 2 — Top 25%
576,88489e2643fffff,0.5975,208.0,11.9,residential,174233,9,30.3687,-97.7830,Tier 2 — Top 25%
577,884898ca23fffff,0.5975,208.3,19.7,residential,49026,9,30.3403,-97.9296,Tier 2 — Top 25%
578,88489e2717fffff,0.5975,207.9,16.0,residential,580270,9,30.4095,-97.7190,Tier 2 — Top 25%
579,88489e3193fffff,0.5974,207.9,12.7,vacant,74609,0,30.2510,-97.6119,Tier 2 — Top 25%
580,88489e36d3fffff,0.5974,208.2,12.1,residential,87489,9,30.2729,-97.8689,Tier 2 — Top 25%
581,884898d91bfffff,0.5973,208.3,15.7,residential,49219,9,30.2331,-97.9021,Tier 2 — Top 25%
582,88489e2c1dfffff,0.5973,207.5,30.8,NaN,0,0,30.5068,-97.5819,Tier 2 — Top 25%
583,88489e249bfffff,0.5970,207.9,27.4,NaN,0,0,30.5067,-97.8124,Tier 2 — Top 25%
584,884898510dfffff,0.5968,207.9,30.8,NaN,0,0,30.5375,-97.8144,Tier 2 — Top 25%
585,88489e2e81fffff,0.5966,207.6,27.5,NaN,0,0,30.4972,-97.6376,Tier 2 — Top 25%
586,88489e36d7fffff,0.5966,208.2,11.1,residential,111682,9,30.2733,-97.8587,Tier 2 — Top 25%
587,88489e35e1fffff,0.5966,207.9,6.2,residential,377741,9,30.3171,-97.7131,Tier 2 — Top 25%
588,88489e24a1fffff,0.5965,207.8,26.0,residential,72144,9,30.5010,-97.7556,Tier 2 — Top 25%
589,8848985b01fffff,0.5965,207.6,32.1,NaN,0,0,30.5500,-97.6768,Tier 2 — Top 25%
590,884898ca0dfffff,0.5964,208.3,20.0,NaN,0,0,30.3166,-97.9434,Tier 2 — Top 25%
591,88489ead8bfffff,0.5964,208.2,11.3,residential,106581,9,30.1682,-97.7701,Tier 2 — Top 25%
592,88489e25e3fffff,0.5962,207.7,25.0,NaN,0,0,30.4876,-97.6933,Tier 2 — Top 25%
593,88489e365bfffff,0.5959,208.2,10.7,residential,124860,9,30.2123,-97.8343,Tier 2 — Top 25%
594,88489e2027fffff,0.5957,207.7,19.8,NaN,0,0,30.3531,-97.5620,Tier 2 — Top 25%
595,884898c8a9fffff,0.5956,208.2,26.1,residential,48711,9,30.4328,-97.9357,Tier 2 — Top 25%
596,88489e2223fffff,0.5956,207.8,13.7,NaN,0,0,30.2976,-97.6046,Tier 2 — Top 25%
597,88489e3699fffff,0.5954,208.2,11.7,residential,95755,9,30.2808,-97.8643,Tier 2 — Top 25%
598,884898cb05fffff,0.5953,208.2,13.7,residential,59225,9,30.3271,-97.8673,Tier 2 — Top 25%
599,88489eadc1fffff,0.5953,208.2,13.7,residential,58600,9,30.1453,-97.7635,Tier 2 — Top 25%
600,88489e3007fffff,0.5953,207.9,15.8,residential,49218,9,30.1814,-97.6126,Tier 2 — Top 25%
601,88489e2039fffff,0.5952,207.7,17.3,vacant,49144,0,30.3521,-97.5926,Tier 2 — Top 25%
602,88489e2047fffff,0.5951,207.7,15.8,NaN,0,0,30.3212,-97.5907,Tier 2 — Top 25%
603,88489e25ebfffff,0.5951,207.8,24.0,vacant,115626,0,30.4798,-97.6979,Tier 2 — Top 25%
604,88489e2589fffff,0.5951,207.8,24.6,vacant,103656,0,30.4870,-97.7138,Tier 2 — Top 25%
605,88489e2715fffff,0.5950,207.9,15.3,commercial,603946,16,30.4020,-97.7135,Tier 2 — Top 25%
606,88489e2209fffff,0.5949,207.9,11.0,residential,114544,9,30.2736,-97.6286,Tier 2 — Top 25%
607,88489e24d9fffff,0.5949,207.9,24.1,vacant,126795,0,30.4759,-97.8104,Tier 2 — Top 25%
608,884898cb69fffff,0.5948,208.2,12.0,residential,89311,9,30.3041,-97.8607,Tier 2 — Top 25%
609,884898c841fffff,0.5948,208.2,19.7,residential,49025,9,30.3561,-97.9204,Tier 2 — Top 25%
610,88489eac1dfffff,0.5947,208.3,17.5,residential,65596,9,30.1205,-97.8079,Tier 2 — Top 25%
611,88489e24bbfffff,0.5947,207.9,27.9,NaN,0,0,30.5153,-97.7873,Tier 2 — Top 25%
612,884898522bfffff,0.5946,208.1,30.0,NaN,0,0,30.4956,-97.9090,Tier 2 — Top 25%
613,88489e25c7fffff,0.5945,207.8,23.8,vacant,121037,0,30.4794,-97.7082,Tier 2 — Top 25%
614,88489e31b7fffff,0.5945,207.8,16.0,residential,49205,9,30.2599,-97.5767,Tier 2 — Top 25%
615,88489e2491fffff,0.5945,207.9,27.3,NaN,0,0,30.5071,-97.8021,Tier 2 — Top 25%
616,88489e2743fffff,0.5942,207.9,12.0,residential,349497,9,30.3712,-97.7115,Tier 2 — Top 25%
617,88489e26a3fffff,0.5942,207.9,21.3,residential,114828,9,30.4533,-97.7935,Tier 2 — Top 25%
618,88489e3481fffff,0.5941,208.1,9.2,residential,181766,9,30.3293,-97.8060,Tier 2 — Top 25%
619,884898c84dfffff,0.5940,208.2,18.8,residential,49068,9,30.3486,-97.9148,Tier 2 — Top 25%
620,884898c915fffff,0.5939,208.1,18.1,open_space,52070,0,30.3970,-97.8565,Tier 2 — Top 25%
621,88489eade9fffff,0.5939,208.2,13.5,residential,61934,9,30.1460,-97.7431,Tier 2 — Top 25%
622,88489e362dfffff,0.5938,208.1,5.5,residential,449986,9,30.2224,-97.7685,Tier 2 — Top 25%
623,88489e2e67fffff,0.5935,207.6,25.0,NaN,0,0,30.4377,-97.5724,Tier 2 — Top 25%
624,88489e2c47fffff,0.5935,207.5,29.6,NaN,0,0,30.4842,-97.5651,Tier 2 — Top 25%
625,88489e3197fffff,0.5931,207.8,13.7,residential,58617,9,30.2514,-97.6017,Tier 2 — Top 25%
626,88489e3523fffff,0.5931,207.9,7.2,residential,300744,9,30.2952,-97.6760,Tier 2 — Top 25%
627,88489e36a9fffff,0.5930,208.2,7.2,residential,295569,9,30.2748,-97.8178,Tier 2 — Top 25%
628,88489e34d1fffff,0.5929,208.1,10.3,residential,136199,9,30.3207,-97.8310,Tier 2 — Top 25%
629,884898ca55fffff,0.5927,208.3,21.9,NaN,0,0,30.3159,-97.9638,Tier 2 — Top 25%
630,88489e20e1fffff,0.5927,207.7,17.5,residential,75792,9,30.3747,-97.6094,Tier 2 — Top 25%
631,8848985143fffff,0.5927,207.9,30.3,NaN,0,0,30.5293,-97.8292,Tier 2 — Top 25%
632,88489e2625fffff,0.5926,207.9,14.0,commercial,480279,16,30.3934,-97.7385,Tier 2 — Top 25%
633,884898cb29fffff,0.5924,208.2,12.8,residential,72810,9,30.3275,-97.8571,Tier 2 — Top 25%
634,88489e3609fffff,0.5924,208.2,8.3,residential,223592,9,30.2134,-97.8037,Tier 2 — Top 25%
635,88489e323dfffff,0.5921,208.0,17.8,unknown,49117,12,30.1341,-97.6403,Tier 2 — Top 25%
636,88489e34adfffff,0.5921,208.0,7.7,residential,264238,9,30.3303,-97.7754,Tier 2 — Top 25%
637,88489e3545fffff,0.5921,208.0,5.4,residential,471630,9,30.2561,-97.6888,Tier 2 — Top 25%
638,88489e2417fffff,0.5919,207.9,21.7,residential,151343,9,30.4623,-97.7583,Tier 2 — Top 25%
639,884898512dfffff,0.5918,207.8,31.3,NaN,0,0,30.5461,-97.7893,Tier 2 — Top 25%
640,88489e2421fffff,0.5918,207.8,20.3,industrial,245435,12,30.4483,-97.7164,Tier 2 — Top 25%
641,884898526bfffff,0.5918,208.1,28.0,unknown,48618,12,30.4723,-97.9126,Tier 2 — Top 25%
642,88489e35ddfffff,0.5914,208.0,5.5,residential,456665,9,30.3156,-97.7540,Tier 2 — Top 25%
643,88489e3135fffff,0.5913,207.8,21.6,residential,48929,9,30.1996,-97.5321,Tier 2 — Top 25%
644,8848985065fffff,0.5913,208.0,31.1,NaN,0,0,30.5282,-97.8599,Tier 2 — Top 25%
645,88489e3757fffff,0.5912,208.1,4.9,multifamily,525448,20,30.2231,-97.7481,Tier 2 — Top 25%
646,88489e2edbfffff,0.5912,207.7,25.5,NaN,0,0,30.4883,-97.6729,Tier 2 — Top 25%
647,88489e260dfffff,0.5911,208.0,12.4,residential,244362,9,30.3770,-97.7681,Tier 2 — Top 25%
648,88489e21c9fffff,0.5911,207.7,19.8,vacant,49019,0,30.3606,-97.5676,Tier 2 — Top 25%
649,88489e36b5fffff,0.5910,208.1,8.5,commercial,214168,16,30.2977,-97.8244,Tier 2 — Top 25%
650,88489e3003fffff,0.5909,207.9,15.0,vacant,49254,0,30.1811,-97.6228,Tier 2 — Top 25%
651,88489e213bfffff,0.5908,207.6,23.3,NaN,0,0,30.3620,-97.5268,Tier 2 — Top 25%
652,88489e256bfffff,0.5908,207.7,19.5,residential,185907,9,30.4270,-97.6587,Tier 2 — Top 25%
653,884898c89dfffff,0.5907,208.2,29.1,NaN,0,0,30.4393,-97.9720,Tier 2 — Top 25%
654,88489e26adfffff,0.5906,207.9,19.4,residential,166981,9,30.4383,-97.7823,Tier 2 — Top 25%
655,88489e2241fffff,0.5905,207.9,11.1,vacant,111266,0,30.2582,-97.6276,Tier 2 — Top 25%
656,88489e2091fffff,0.5905,207.8,17.5,residential,186360,9,30.4041,-97.6522,Tier 2 — Top 25%
657,88489eac53fffff,0.5904,208.3,18.9,residential,89679,9,30.1122,-97.8227,Tier 2 — Top 25%
658,88489e30a1fffff,0.5903,207.9,11.3,industrial,106072,12,30.2349,-97.6313,Tier 2 — Top 25%
659,88489e36dbfffff,0.5902,208.3,12.5,vacant,78610,0,30.2650,-97.8735,Tier 2 — Top 25%
660,884898d9bbfffff,0.5902,208.3,16.9,NaN,0,0,30.2944,-97.9163,Tier 2 — Top 25%
661,884898ca61fffff,0.5901,208.3,18.3,NaN,0,0,30.3095,-97.9276,Tier 2 — Top 25%
662,88489e2c45fffff,0.5900,207.5,29.2,NaN,0,0,30.4767,-97.5595,Tier 2 — Top 25%
663,88489e35d1fffff,0.5899,208.0,6.4,residential,361482,9,30.3232,-97.7596,Tier 2 — Top 25%
664,884898ca13fffff,0.5897,208.3,24.0,NaN,0,0,30.3464,-97.9761,Tier 2 — Top 25%
665,884898c883fffff,0.5896,208.2,28.4,NaN,0,0,30.4396,-97.9617,Tier 2 — Top 25%
666,88489e25b1fffff,0.5895,207.7,28.1,NaN,0,0,30.5181,-97.7055,Tier 2 — Top 25%
667,88489e3131fffff,0.5893,207.8,20.7,residential,48974,9,30.1993,-97.5422,Tier 2 — Top 25%
668,88489eac83fffff,0.5890,208.3,13.8,residential,57606,9,30.1736,-97.8369,Tier 2 — Top 25%
669,88489e2765fffff,0.5890,207.8,13.6,residential,219544,9,30.3726,-97.6706,Tier 2 — Top 25%
670,88489e3751fffff,0.5890,208.1,5.9,commercial,416769,16,30.2152,-97.7527,Tier 2 — Top 25%
671,884898cae9fffff,0.5889,208.3,24.0,NaN,0,0,30.3542,-97.9715,Tier 2 — Top 25%
672,88489e3499fffff,0.5889,208.1,11.5,open_space,102314,0,30.3361,-97.8320,Tier 2 — Top 25%
673,88489eac93fffff,0.5889,208.3,14.1,residential,52709,9,30.1883,-97.8583,Tier 2 — Top 25%
674,88489e3639fffff,0.5889,208.2,6.4,open_space,360361,0,30.2367,-97.8000,Tier 2 — Top 25%
675,88489e309bfffff,0.5888,208.0,6.1,residential,394455,9,30.2407,-97.6878,Tier 2 — Top 25%
676,88489e36a3fffff,0.5887,208.1,7.7,NaN,0,0,30.2902,-97.8188,Tier 2 — Top 25%
677,884898c831fffff,0.5887,208.2,22.2,residential,48900,9,30.4027,-97.9132,Tier 2 — Top 25%
678,88489e240dfffff,0.5885,207.9,18.4,residential,333355,9,30.4321,-97.7358,Tier 2 — Top 25%
679,8848985a25fffff,0.5882,207.7,32.3,NaN,0,0,30.5565,-97.7131,Tier 2 — Top 25%
680,8848985145fffff,0.5882,207.9,29.1,NaN,0,0,30.5221,-97.8134,Tier 2 — Top 25%
681,8848985107fffff,0.5882,207.9,32.5,NaN,0,0,30.5529,-97.8154,Tier 2 — Top 25%
682,88489e319dfffff,0.5881,207.9,14.1,industrial,52841,12,30.2359,-97.6007,Tier 2 — Top 25%
683,88489e253dfffff,0.5880,207.7,22.6,industrial,126612,12,30.4579,-97.6607,Tier 2 — Top 25%
684,8848985347fffff,0.5880,208.0,25.3,NaN,0,0,30.4745,-97.8513,Tier 2 — Top 25%
685,88489e24c1fffff,0.5879,207.9,22.8,residential,101175,9,30.4691,-97.7843,Tier 2 — Top 25%
686,8848985333fffff,0.5877,208.0,30.1,NaN,0,0,30.5207,-97.8543,Tier 2 — Top 25%
687,88489e374bfffff,0.5877,208.1,7.5,residential,279068,9,30.2002,-97.7415,Tier 2 — Top 25%
688,88489e210dfffff,0.5876,207.6,23.1,vacant,48859,0,30.3315,-97.5147,Tier 2 — Top 25%
689,8848985155fffff,0.5875,207.9,31.2,NaN,0,0,30.5368,-97.8348,Tier 2 — Top 25%
690,88489e2199fffff,0.5873,207.7,21.0,residential,51748,9,30.3986,-97.5853,Tier 2 — Top 25%
691,88489e3565fffff,0.5871,207.9,7.6,residential,267900,9,30.2647,-97.6638,Tier 2 — Top 25%
692,88489e32d1fffff,0.5871,208.1,12.0,residential,89961,9,30.1625,-97.7135,Tier 2 — Top 25%
693,88489e3585fffff,0.5870,207.9,7.4,residential,280197,9,30.3321,-97.7243,Tier 2 — Top 25%
694,8848985a27fffff,0.5870,207.7,33.1,NaN,0,0,30.5640,-97.7187,Tier 2 — Top 25%
695,88489e211dfffff,0.5870,207.6,21.7,NaN,0,0,30.3462,-97.5361,Tier 2 — Top 25%
696,88489e2ea3fffff,0.5869,207.6,29.9,NaN,0,0,30.5133,-97.6181,Tier 2 — Top 25%
697,88489e2c11fffff,0.5869,207.5,31.3,NaN,0,0,30.5144,-97.5875,Tier 2 — Top 25%
698,88489e26d9fffff,0.5869,208.0,19.6,open_space,65385,0,30.4207,-97.8426,Tier 2 — Top 25%
699,88489e3037fffff,0.5868,207.9,14.6,unknown,49273,12,30.2048,-97.6090,Tier 2 — Top 25%
700,88489e36ebfffff,0.5867,208.2,8.1,residential,236728,9,30.2590,-97.8271,Tier 2 — Top 25%
701,88489e24e9fffff,0.5867,207.9,22.6,vacant,124120,0,30.4698,-97.7639,Tier 2 — Top 25%
702,88489e22a7fffff,0.5867,207.8,14.0,vacant,92541,0,30.3507,-97.6335,Tier 2 — Top 25%
703,88489e2085fffff,0.5867,207.7,18.0,residential,100065,9,30.3897,-97.6206,Tier 2 — Top 25%
704,8848985b1dfffff,0.5866,207.7,32.6,NaN,0,0,30.5571,-97.6926,Tier 2 — Top 25%
705,88489e2c3bfffff,0.5865,207.5,32.8,NaN,0,0,30.5226,-97.5726,Tier 2 — Top 25%
706,88489e265bfffff,0.5863,208.0,13.6,residential,117925,9,30.3755,-97.8090,Tier 2 — Top 25%
707,88489e25cdfffff,0.5861,207.8,22.2,vacant,169199,0,30.4640,-97.7072,Tier 2 — Top 25%
708,884898ca11fffff,0.5860,208.3,23.2,NaN,0,0,30.3388,-97.9705,Tier 2 — Top 25%
709,88489e2eebfffff,0.5860,207.6,26.4,NaN,0,0,30.4822,-97.6264,Tier 2 — Top 25%
710,88489e3615fffff,0.5860,208.2,7.3,residential,289898,9,30.2364,-97.8102,Tier 2 — Top 25%
711,88489e36c1fffff,0.5860,208.2,9.7,residential,160817,9,30.2507,-97.8419,Tier 2 — Top 25%
712,884898cb65fffff,0.5858,208.2,11.1,residential,112994,9,30.3124,-97.8459,Tier 2 — Top 25%
713,884898c917fffff,0.5856,208.1,19.1,open_space,49055,0,30.4046,-97.8621,Tier 2 — Top 25%
714,88489e363dfffff,0.5856,208.2,5.6,residential,443855,9,30.2371,-97.7898,Tier 2 — Top 25%
715,88489e3113fffff,0.5855,207.8,18.1,NaN,0,0,30.1983,-97.5728,Tier 2 — Top 25%
716,88489eaeb5fffff,0.5854,208.4,18.0,residential,59116,9,30.1345,-97.8497,Tier 2 — Top 25%
717,88489e2669fffff,0.5854,208.0,10.6,residential,229780,9,30.3619,-97.7569,Tier 2 — Top 25%
718,88489e30a7fffff,0.5854,207.9,11.5,industrial,101335,12,30.2428,-97.6267,Tier 2 — Top 25%
719,88489eac33fffff,0.5853,208.3,14.5,residential,49278,9,30.1442,-97.7941,Tier 2 — Top 25%
720,884898db2dfffff,0.5853,208.4,16.8,residential,49164,9,30.1646,-97.8721,Tier 2 — Top 25%
721,88489e39e3fffff,0.5853,207.5,33.5,NaN,0,0,30.2814,-97.3942,Tier 2 — Top 25%
722,88489e356bfffff,0.5852,208.0,5.7,residential,436509,9,30.2640,-97.6842,Tier 2 — Top 25%
723,88489e325dfffff,0.5851,208.1,19.7,residential,49024,9,30.1022,-97.6689,Tier 2 — Top 25%
724,884898d8a1fffff,0.5850,208.4,20.5,NaN,0,0,30.2775,-97.9562,Tier 2 — Top 25%
725,88489e39e9fffff,0.5849,207.5,33.6,NaN,0,0,30.2660,-97.3933,Tier 2 — Top 25%
726,88489e22b7fffff,0.5849,207.8,13.8,residential,156046,9,30.3654,-97.6548,Tier 2 — Top 25%
727,88489e3265fffff,0.5848,208.0,21.8,residential,48922,9,30.1040,-97.6179,Tier 2 — Top 25%
728,88489e2403fffff,0.5847,207.9,20.0,residential,224854,9,30.4472,-97.7471,Tier 2 — Top 25%
729,8848985045fffff,0.5845,208.0,31.2,NaN,0,0,30.5196,-97.8850,Tier 2 — Top 25%
730,88489e254dfffff,0.5845,207.8,17.6,commercial,246749,16,30.4113,-97.6680,Tier 2 — Top 25%
731,88489e221bfffff,0.5843,207.9,9.0,open_space,190217,0,30.2959,-97.6556,Tier 2 — Top 25%
732,88489e3531fffff,0.5842,207.9,6.3,residential,373470,9,30.3023,-97.6918,Tier 2 — Top 25%
733,88489e2741fffff,0.5841,207.9,11.3,residential,288453,9,30.3637,-97.7059,Tier 2 — Top 25%
734,88489e2cd3fffff,0.5841,207.6,33.2,NaN,0,0,30.5513,-97.6359,Tier 2 — Top 25%
735,88489e259dfffff,0.5840,207.8,26.2,NaN,0,0,30.5020,-97.7250,Tier 2 — Top 25%
736,884898d9b3fffff,0.5840,208.3,16.7,NaN,0,0,30.3023,-97.9117,Tier 2 — Top 25%
737,88489e2433fffff,0.5840,207.8,22.6,residential,141724,9,30.4705,-97.7434,Tier 2 — Top 25%
738,884898ca19fffff,0.5838,208.3,23.4,NaN,0,0,30.3309,-97.9751,Tier 2 — Top 25%
739,88489e25edfffff,0.5838,207.7,23.6,residential,121312,9,30.4726,-97.6821,Tier 2 — Top 25%
740,88489eaed5fffff,0.5836,208.4,22.5,NaN,0,0,30.1025,-97.8782,Tier 2 — Top 25%
741,8848985a4bfffff,0.5834,207.8,28.6,NaN,0,0,30.5239,-97.7622,Tier 2 — Top 25%
742,88489e2e9bfffff,0.5832,207.7,28.1,NaN,0,0,30.5116,-97.6692,Tier 2 — Top 25%
743,884898c8adfffff,0.5831,208.2,25.4,residential,48743,9,30.4332,-97.9254,Tier 2 — Top 25%
744,88489eac59fffff,0.5831,208.3,20.4,NaN,0,0,30.0968,-97.8217,Tier 2 — Top 25%
745,8848985a53fffff,0.5830,207.8,31.2,NaN,0,0,30.5465,-97.7791,Tier 2 — Top 25%
746,88489e22ddfffff,0.5829,207.9,8.1,residential,236658,9,30.3181,-97.6825,Tier 2 — Top 25%
747,88489e24a9fffff,0.5829,207.8,25.2,residential,79551,9,30.4931,-97.7602,Tier 2 — Top 25%
748,88489e2e83fffff,0.5828,207.6,28.1,NaN,0,0,30.5048,-97.6432,Tier 2 — Top 25%
749,88489e3595fffff,0.5827,208.0,8.9,residential,196575,9,30.3468,-97.7457,Tier 2 — Top 25%
750,884898d96dfffff,0.5826,208.3,12.4,residential,80312,9,30.1965,-97.8435,Tier 2 — Top 25%
751,884898c81bfffff,0.5826,208.2,24.2,residential,48803,9,30.3937,-97.9485,Tier 2 — Top 25%
752,88489e20b5fffff,0.5826,207.7,20.2,vacant,93339,0,30.4130,-97.6169,Tier 2 — Top 25%
753,88489e3b37fffff,0.5822,207.5,34.0,NaN,0,0,30.2119,-97.3951,Tier 2 — Top 25%
754,88489e30c7fffff,0.5822,208.0,10.5,commercial,130248,16,30.2109,-97.6553,Tier 2 — Top 25%
755,884898c9ebfffff,0.5821,208.1,21.1,residential,48957,9,30.4196,-97.8733,Tier 2 — Top 25%
756,88489e274dfffff,0.5820,207.9,10.7,residential,237469,9,30.3561,-97.7003,Tier 2 — Top 25%
757,884898d8e9fffff,0.5818,208.4,21.4,vacant,48941,0,30.2463,-97.9644,Tier 2 — Top 25%
758,884898db29fffff,0.5818,208.4,17.6,residential,49127,9,30.1642,-97.8823,Tier 2 — Top 25%
759,88489e3053fffff,0.5818,208.0,14.0,open_space,54966,0,30.1725,-97.6478,Tier 2 — Top 25%
760,88489e32adfffff,0.5817,208.0,13.4,open_space,63720,0,30.1722,-97.6580,Tier 2 — Top 25%
761,88489e24b9fffff,0.5817,207.9,27.0,open_space,119025,0,30.5078,-97.7817,Tier 2 — Top 25%
762,88489e35edfffff,0.5817,207.9,5.8,residential,420799,9,30.3095,-97.7076,Tier 2 — Top 25%
763,884898d90dfffff,0.5815,208.3,13.3,residential,65556,9,30.2112,-97.8649,Tier 2 — Top 25%
764,88489e2529fffff,0.5814,207.7,21.5,residential,133860,9,30.4428,-97.6495,Tier 2 — Top 25%
765,88489e3061fffff,0.5814,207.9,18.6,residential,49079,9,30.1588,-97.5959,Tier 2 — Top 25%
766,88489e31c7fffff,0.5814,207.8,16.4,vacant,49185,0,30.2133,-97.5840,Tier 2 — Top 25%
767,8848985207fffff,0.5813,208.1,30.5,NaN,0,0,30.4952,-97.9193,Tier 2 — Top 25%
768,88489e3681fffff,0.5812,208.2,9.2,residential,181842,9,30.2740,-97.8383,Tier 2 — Top 25%
769,88489e25abfffff,0.5812,207.7,26.6,NaN,0,0,30.5031,-97.6943,Tier 2 — Top 25%
770,8848985069fffff,0.5811,208.0,30.8,NaN,0,0,30.5200,-97.8747,Tier 2 — Top 25%
771,88489e2661fffff,0.5811,208.0,11.4,multifamily,278359,20,30.3698,-97.7523,Tier 2 — Top 25%
772,88489e215dfffff,0.5811,207.7,20.5,residential,48985,9,30.3229,-97.5397,Tier 2 — Top 25%
773,88489e2e3bfffff,0.5811,207.6,25.9,NaN,0,0,30.4675,-97.6050,Tier 2 — Top 25%
774,88489e3685fffff,0.5810,208.2,8.2,residential,231901,9,30.2744,-97.8280,Tier 2 — Top 25%
775,884898cb1dfffff,0.5810,208.2,16.2,open_space,49195,0,30.3339,-97.8933,Tier 2 — Top 25%
776,88489e211bfffff,0.5808,207.7,20.7,NaN,0,0,30.3534,-97.5518,Tier 2 — Top 25%
777,88489e34edfffff,0.5807,208.1,5.6,residential,442477,9,30.3070,-97.7790,Tier 2 — Top 25%
778,8848985b25fffff,0.5806,207.6,33.9,NaN,0,0,30.5589,-97.6415,Tier 2 — Top 25%
779,88489e2f5bfffff,0.5805,207.6,25.7,NaN,0,0,30.4380,-97.5622,Tier 2 — Top 25%
780,884898c889fffff,0.5802,208.2,27.2,NaN,0,0,30.4242,-97.9607,Tier 2 — Top 25%
781,88489e3587fffff,0.5801,208.0,8.2,residential,234352,9,30.3397,-97.7299,Tier 2 — Top 25%
782,884898c955fffff,0.5801,208.1,16.3,residential,49190,9,30.3737,-97.8601,Tier 2 — Top 25%
783,88489e3b07fffff,0.5799,207.6,34.2,NaN,0,0,30.1886,-97.3987,Tier 2 — Top 25%
784,88489e3897fffff,0.5799,207.6,24.0,vacant,48814,0,30.3089,-97.4980,Tier 2 — Top 25%
785,884898c88dfffff,0.5796,208.2,26.5,residential,48691,9,30.4246,-97.9505,Tier 2 — Top 25%
786,8848985163fffff,0.5795,207.9,30.7,NaN,0,0,30.5379,-97.8041,Tier 2 — Top 25%
787,88489e272bfffff,0.5792,207.8,15.2,residential,361787,9,30.3952,-97.6874,Tier 2 — Top 25%
788,88489e222bfffff,0.5792,207.8,13.1,NaN,0,0,30.2897,-97.6092,Tier 2 — Top 25%
789,88489e3b3dfffff,0.5792,207.6,34.4,NaN,0,0,30.1965,-97.3941,Tier 2 — Top 25%
790,884898c999fffff,0.5791,208.1,25.2,NaN,0,0,30.4415,-97.9106,Tier 2 — Top 25%
791,88489e2e09fffff,0.5790,207.6,23.1,NaN,0,0,30.4366,-97.6031,Tier 2 — Top 25%
792,88489e2c99fffff,0.5789,207.6,34.2,NaN,0,0,30.5592,-97.6313,Tier 2 — Top 25%
793,88489e3039fffff,0.5789,207.9,14.8,vacant,49264,0,30.1890,-97.6182,Tier 2 — Top 25%
794,88489e2b55fffff,0.5788,207.4,34.5,NaN,0,0,30.3355,-97.3924,Tier 2 — Top 25%
795,88489e25adfffff,0.5787,207.7,26.2,NaN,0,0,30.4959,-97.6785,Tier 2 — Top 25%
796,88489eada5fffff,0.5785,208.1,10.1,vacant,143276,0,30.1776,-97.7247,Tier 2 — Top 25%
797,88489e34e9fffff,0.5784,208.1,6.2,residential,378778,9,30.3067,-97.7892,Tier 2 — Top 25%
798,88489e3729fffff,0.5783,208.0,5.9,residential,415815,9,30.2245,-97.7073,Tier 2 — Top 25%
799,88489e2551fffff,0.5783,207.8,19.1,residential,291931,9,30.4335,-97.6950,Tier 2 — Top 25%
800,88489e2233fffff,0.5781,207.8,12.3,unknown,82770,12,30.3123,-97.6259,Tier 2 — Top 25%
801,88489e31adfffff,0.5781,207.8,18.6,vacant,49078,0,30.2298,-97.5544,Tier 2 — Top 25%
802,884898c821fffff,0.5780,208.2,19.6,residential,49029,9,30.3880,-97.8917,Tier 2 — Top 25%
803,88489e2439fffff,0.5779,207.8,20.9,vacant,197747,0,30.4551,-97.7424,Tier 2 — Top 25%
804,88489e3517fffff,0.5778,208.0,4.8,residential,548470,9,30.3016,-97.7122,Tier 2 — Top 25%
805,8848985b09fffff,0.5777,207.7,31.1,NaN,0,0,30.5421,-97.6814,Tier 2 — Top 25%
806,88489e2e0dfffff,0.5777,207.6,23.8,NaN,0,0,30.4370,-97.5929,Tier 2 — Top 25%
807,88489e2e37fffff,0.5776,207.6,27.4,NaN,0,0,30.4757,-97.5902,Tier 2 — Top 25%
808,8848985a51fffff,0.5776,207.8,30.4,NaN,0,0,30.5390,-97.7734,Tier 2 — Top 25%
809,88489e305dfffff,0.5775,208.0,15.9,residential,49209,9,30.1574,-97.6366,Tier 2 — Top 25%
810,884898c897fffff,0.5774,208.2,30.3,NaN,0,0,30.4547,-97.9730,Tier 2 — Top 25%
811,88489e2303fffff,0.5773,207.7,18.0,residential,49109,9,30.2914,-97.5582,Tier 2 — Top 25%
812,8848985241fffff,0.5773,208.1,28.1,NaN,0,0,30.4640,-97.9275,Tier 2 — Top 25%
813,884898db5bfffff,0.5770,208.5,22.5,NaN,0,0,30.1544,-97.9379,Tier 2 — Top 25%
814,88489e2659fffff,0.5770,208.0,12.6,residential,122385,9,30.3680,-97.8034,Tier 2 — Top 25%
815,88489e2c89fffff,0.5770,207.5,33.4,NaN,0,0,30.5445,-97.6099,Tier 2 — Top 25%
816,884898cb47fffff,0.5770,208.2,13.7,residential,58370,9,30.3113,-97.8765,Tier 2 — Top 25%
817,88489e25bdfffff,0.5770,207.7,27.4,NaN,0,0,30.5106,-97.6999,Tier 2 — Top 25%
818,88489e391bfffff,0.5769,207.5,32.8,NaN,0,0,30.2502,-97.4025,Tier 2 — Top 25%
819,88489e359dfffff,0.5769,208.0,8.0,residential,243129,9,30.3389,-97.7504,Tier 2 — Top 25%
820,88489e35bdfffff,0.5769,207.9,9.1,residential,211180,9,30.3475,-97.7253,Tier 2 — Top 25%
821,88489eadc9fffff,0.5768,208.2,14.6,residential,49273,9,30.1374,-97.7681,Tier 2 — Top 25%
822,88489e3055fffff,0.5767,208.0,15.6,residential,49227,9,30.1653,-97.6320,Tier 2 — Top 25%
823,88489e2513fffff,0.5767,207.8,22.4,vacant,159846,0,30.4644,-97.6969,Tier 2 — Top 25%
824,88489e276dfffff,0.5766,207.8,12.6,residential,211227,9,30.3647,-97.6753,Tier 2 — Top 25%
825,88489e2023fffff,0.5766,207.7,19.0,vacant,49060,0,30.3527,-97.5722,Tier 2 — Top 25%
826,884898584bfffff,0.5765,207.7,34.7,NaN,0,0,30.5790,-97.7299,Tier 2 — Top 25%
827,8848985365fffff,0.5764,207.9,24.3,NaN,0,0,30.4755,-97.8206,Tier 2 — Top 25%
828,88489e2e27fffff,0.5764,207.6,27.3,NaN,0,0,30.4609,-97.5688,Tier 2 — Top 25%
829,88489e25d5fffff,0.5763,207.8,24.5,residential,104925,9,30.4866,-97.7240,Tier 2 — Top 25%
830,8848985307fffff,0.5762,208.0,27.5,NaN,0,0,30.4978,-97.8477,Tier 2 — Top 25%
831,88489e2c21fffff,0.5761,207.5,33.1,NaN,0,0,30.5082,-97.5410,Tier 2 — Top 25%
832,88489e3617fffff,0.5758,208.2,7.5,residential,279365,9,30.2439,-97.8158,Tier 2 — Top 25%
833,884898c86bfffff,0.5757,208.2,19.0,residential,49059,9,30.3644,-97.9056,Tier 2 — Top 25%
834,88489e3035fffff,0.5756,207.9,15.5,open_space,49229,0,30.1972,-97.6034,Tier 2 — Top 25%
835,8848985363fffff,0.5756,208.0,25.6,NaN,0,0,30.4827,-97.8364,Tier 2 — Top 25%
836,88489e2601fffff,0.5755,208.0,13.4,open_space,238452,0,30.3845,-97.7737,Tier 2 — Top 25%
837,88489eacbbfffff,0.5754,208.3,12.6,residential,77335,9,30.1890,-97.8379,Tier 2 — Top 25%
838,88489e340bfffff,0.5754,208.1,3.4,residential,767965,9,30.2762,-97.7770,Tier 2 — Top 25%
839,884898d8b7fffff,0.5753,208.4,22.4,NaN,0,0,30.3001,-97.9730,Tier 2 — Top 25%
840,88489e3357fffff,0.5753,208.0,21.5,residential,48937,9,30.1201,-97.5985,Tier 2 — Top 25%
841,88489e3b41fffff,0.5752,207.6,34.5,NaN,0,0,30.1574,-97.4070,Tier 2 — Top 25%
842,88489eac39fffff,0.5752,208.3,16.1,vacant,49199,0,30.1288,-97.7931,Tier 2 — Top 25%
843,88489e2623fffff,0.5751,207.9,14.9,residential,370172,9,30.4006,-97.7543,Tier 2 — Top 25%
844,88489e20bdfffff,0.5751,207.7,19.3,residential,103521,9,30.4051,-97.6216,Tier 2 — Top 25%
845,88489e24c5fffff,0.5748,207.9,22.7,residential,112924,9,30.4694,-97.7741,Tier 2 — Top 25%
846,88489eadcbfffff,0.5747,208.2,13.9,residential,55555,9,30.1449,-97.7737,Tier 2 — Top 25%
847,884898c881fffff,0.5745,208.2,27.5,unknown,48644,12,30.4321,-97.9561,Tier 2 — Top 25%
848,88489e2543fffff,0.5744,207.8,18.7,residential,263173,9,30.4264,-97.6792,Tier 2 — Top 25%
849,88489e2117fffff,0.5741,207.6,22.4,NaN,0,0,30.3616,-97.5370,Tier 2 — Top 25%
850,88489e2e8bfffff,0.5741,207.7,27.1,NaN,0,0,30.4969,-97.6478,Tier 2 — Top 25%
851,884898d823fffff,0.5741,208.4,17.7,residential,49124,9,30.2323,-97.9225,Tier 2 — Top 25%
852,88489e303bfffff,0.5741,207.9,13.9,vacant,55721,0,30.1965,-97.6238,Tier 2 — Top 25%
853,8848985221fffff,0.5741,208.1,29.5,NaN,0,0,30.4960,-97.8988,Tier 2 — Top 25%
854,88489e2e4dfffff,0.5739,207.7,21.5,NaN,0,0,30.4137,-97.5965,Tier 2 — Top 25%
855,8848985101fffff,0.5739,207.9,31.8,NaN,0,0,30.5451,-97.8200,Tier 2 — Top 25%
856,884898db11fffff,0.5738,208.4,20.0,residential,49008,9,30.1781,-97.9241,Tier 2 — Top 25%
857,88489e2549fffff,0.5737,207.8,17.2,residential,299075,9,30.4109,-97.6782,Tier 2 — Top 25%
858,88489e2b57fffff,0.5737,207.4,34.2,NaN,0,0,30.3430,-97.3979,Tier 2 — Top 25%
859,8848985a5bfffff,0.5736,207.8,30.4,NaN,0,0,30.5386,-97.7837,Tier 2 — Top 25%
860,88489e2647fffff,0.5736,208.0,11.7,residential,206031,9,30.3691,-97.7728,Tier 2 — Top 25%
861,88489e30a5fffff,0.5735,207.9,12.2,vacant,84252,0,30.2352,-97.6211,Tier 2 — Top 25%
862,88489e2655fffff,0.5735,208.0,12.9,residential,171033,9,30.3762,-97.7886,Tier 2 — Top 25%
863,88489eacc1fffff,0.5735,208.3,16.4,residential,49633,9,30.1427,-97.8349,Tier 2 — Top 25%
864,884898c85bfffff,0.5733,208.3,23.1,NaN,0,0,30.3704,-97.9521,Tier 2 — Top 25%
865,88489e3411fffff,0.5733,208.1,5.1,residential,504060,9,30.2913,-97.7882,Tier 2 — Top 25%
866,88489e2595fffff,0.5732,207.8,27.1,NaN,0,0,30.5099,-97.7203,Tier 2 — Top 25%
867,8848985b03fffff,0.5732,207.6,32.8,NaN,0,0,30.5575,-97.6824,Tier 2 — Top 25%
868,88489e2735fffff,0.5730,207.8,16.8,residential,361714,9,30.4106,-97.6884,Tier 2 — Top 25%
869,884898d82bfffff,0.5728,208.4,18.3,residential,49092,9,30.2244,-97.9271,Tier 2 — Top 25%
870,88489e2a2bfffff,0.5727,207.5,31.0,NaN,0,0,30.3496,-97.4341,Tier 2 — Top 25%
871,884898d8a7fffff,0.5726,208.4,20.1,vacant,49003,0,30.2854,-97.9516,Tier 2 — Top 25%
872,884898d813fffff,0.5726,208.4,21.9,residential,48914,9,30.2384,-97.9690,Tier 2 — Top 25%
873,88489eac0bfffff,0.5726,208.3,18.1,vacant,68632,0,30.1130,-97.8023,Tier 2 — Top 25%
874,88489e3529fffff,0.5726,207.9,6.7,residential,338178,9,30.2797,-97.6750,Tier 2 — Top 25%
875,88489e2495fffff,0.5724,207.9,27.1,open_space,144783,0,30.5074,-97.7919,Tier 2 — Top 25%
876,88489e35c1fffff,0.5724,208.0,4.6,residential,568160,9,30.3085,-97.7382,Tier 2 — Top 25%
877,88489e3491fffff,0.5724,208.1,11.8,residential,95049,9,30.3440,-97.8274,Tier 2 — Top 25%
878,88489e32a9fffff,0.5720,208.0,12.8,open_space,72991,0,30.1718,-97.6682,Tier 2 — Top 25%
879,88489e22bdfffff,0.5720,207.8,12.6,residential,125080,9,30.3500,-97.6539,Tier 2 — Top 25%
880,8848985a23fffff,0.5720,207.7,33.0,NaN,0,0,30.5636,-97.7289,Tier 2 — Top 25%
881,884898c91bfffff,0.5719,208.1,19.3,open_space,49045,0,30.3963,-97.8769,Tier 2 — Top 25%
882,884898c825fffff,0.5719,208.1,18.9,residential,49062,9,30.3884,-97.8815,Tier 2 — Top 25%
883,88489e3455fffff,0.5718,208.1,3.7,commercial,713453,16,30.2683,-97.7816,Tier 2 — Top 25%
884,88489e2721fffff,0.5718,207.8,15.6,vacant,298761,0,30.3955,-97.6772,Tier 2 — Top 25%
885,88489e25a9fffff,0.5716,207.7,25.9,NaN,0,0,30.4955,-97.6887,Tier 2 — Top 25%
886,88489e2507fffff,0.5716,207.7,21.7,residential,152784,9,30.4500,-97.6653,Tier 2 — Top 25%
887,88489e2709fffff,0.5716,207.9,12.9,residential,397972,9,30.3791,-97.7069,Tier 2 — Top 25%
888,8848985209fffff,0.5715,208.1,29.6,NaN,0,0,30.4795,-97.9285,Tier 2 — Top 25%
889,88489e2243fffff,0.5715,207.9,10.6,residential,128646,9,30.2657,-97.6332,Tier 2 — Top 25%
890,884898cb45fffff,0.5714,208.2,12.9,residential,71086,9,30.3038,-97.8709,Tier 2 — Top 25%
891,88489eac47fffff,0.5713,208.3,19.4,NaN,0,0,30.0979,-97.7911,Tier 2 — Top 25%
892,88489e24e3fffff,0.5713,207.9,24.3,residential,90496,9,30.4852,-97.7649,Tier 2 — Top 25%
893,884898534dfffff,0.5712,208.0,23.7,NaN,0,0,30.4591,-97.8503,Tier 2 — Top 25%
894,8848985105fffff,0.5711,207.9,31.6,NaN,0,0,30.5454,-97.8097,Tier 2 — Top 25%
895,88489e2f0bfffff,0.5711,207.5,28.1,NaN,0,0,30.4465,-97.5372,Tier 2 — Top 25%
896,88489e2c9dfffff,0.5710,207.5,34.5,NaN,0,0,30.5595,-97.6211,Tier 2 — Top 25%
897,88489e3763fffff,0.5710,208.0,6.4,commercial,366029,16,30.2167,-97.7119,Tier 2 — Top 25%
898,88489e2115fffff,0.5708,207.6,22.5,NaN,0,0,30.3541,-97.5314,Tier 2 — Top 25%
899,8848985b45fffff,0.5708,207.7,29.7,NaN,0,0,30.5270,-97.6702,Tier 2 — Top 25%
900,884898d949fffff,0.5708,208.3,15.8,residential,49218,9,30.1875,-97.8787,Tier 2 — Top 25%
901,88489e3b0dfffff,0.5707,207.6,34.8,NaN,0,0,30.1732,-97.3978,Tier 2 — Top 25%
902,8848985a3dfffff,0.5707,207.7,32.9,NaN,0,0,30.5633,-97.7391,Tier 2 — Top 25%
903,88489e26bbfffff,0.5707,208.0,22.7,residential,91744,9,30.4601,-97.8196,Tier 2 — Top 25%
904,884898516dfffff,0.5706,207.9,28.8,NaN,0,0,30.5228,-97.7929,Tier 2 — Top 25%
905,88489e2249fffff,0.5705,207.9,10.8,vacant,120634,0,30.2503,-97.6322,Tier 2 — Top 25%
906,88489e3747fffff,0.5705,208.1,6.7,industrial,335024,12,30.2084,-97.7267,Tier 2 — Top 25%
907,88489e2eb7fffff,0.5705,207.6,31.0,NaN,0,0,30.5284,-97.6293,Tier 2 — Top 25%
908,88489e273bfffff,0.5704,207.8,16.2,residential,516939,9,30.4099,-97.7088,Tier 2 — Top 25%
909,88489e2489fffff,0.5702,207.9,24.5,residential,110826,9,30.4845,-97.7853,Tier 2 — Top 25%
910,88489e2c49fffff,0.5702,207.6,27.6,NaN,0,0,30.4685,-97.5744,Tier 2 — Top 25%
911,884898c88bfffff,0.5701,208.2,28.2,NaN,0,0,30.4317,-97.9664,Tier 2 — Top 25%
912,884898c9d7fffff,0.5701,208.1,24.2,NaN,0,0,30.4339,-97.9050,Tier 2 — Top 25%
913,884898c8d7fffff,0.5700,208.2,28.9,NaN,0,0,30.4314,-97.9766,Tier 2 — Top 25%
914,88489e2413fffff,0.5700,207.9,21.8,residential,137776,9,30.4619,-97.7685,Tier 2 — Top 25%
915,88489eadedfffff,0.5699,208.2,13.5,residential,62004,9,30.1464,-97.7329,Tier 2 — Top 25%
916,88489e2e35fffff,0.5699,207.6,27.0,NaN,0,0,30.4681,-97.5846,Tier 2 — Top 25%
917,88489e2e53fffff,0.5698,207.7,22.4,NaN,0,0,30.4435,-97.6291,Tier 2 — Top 25%
918,88489ea59bfffff,0.5698,208.5,26.8,NaN,0,0,30.1224,-97.9664,Tier 2 — Top 25%
919,88489e0417fffff,0.5698,207.8,31.5,NaN,0,0,30.0931,-97.4847,Tier 2 — Top 25%
920,884898c8b9fffff,0.5697,208.2,28.7,NaN,0,0,30.4475,-97.9571,Tier 2 — Top 25%
921,88489e242bfffff,0.5696,207.8,20.2,vacant,246981,0,30.4479,-97.7266,Tier 2 — Top 25%
922,884898cb2bfffff,0.5695,208.2,13.7,residential,58100,9,30.3350,-97.8627,Tier 2 — Top 25%
923,88489e206bfffff,0.5694,207.7,16.7,residential,49169,9,30.3216,-97.5805,Tier 2 — Top 25%
924,88489e2497fffff,0.5693,207.9,28.0,NaN,0,0,30.5150,-97.7975,Tier 2 — Top 25%
925,88489e2ec1fffff,0.5692,207.7,25.0,NaN,0,0,30.4740,-97.6412,Tier 2 — Top 25%
926,8848985b0bfffff,0.5692,207.7,31.9,NaN,0,0,30.5496,-97.6870,Tier 2 — Top 25%
927,8848985847fffff,0.5692,207.7,35.7,NaN,0,0,30.5873,-97.7150,Tier 2 — Top 25%
928,88489e32b1fffff,0.5690,208.0,9.8,commercial,153890,16,30.1944,-97.6849,Tier 2 — Top 25%
929,88489e20d7fffff,0.5690,207.8,16.1,residential,177924,9,30.3887,-97.6512,Tier 2 — Top 25%
930,884898d9c7fffff,0.5690,208.3,16.0,residential,49208,9,30.2560,-97.9087,Tier 2 — Top 25%
931,8848985251fffff,0.5689,208.1,30.7,NaN,0,0,30.4787,-97.9489,Tier 2 — Top 25%
932,88489e3011fffff,0.5688,208.0,13.3,vacant,64148,0,30.1883,-97.6386,Tier 2 — Top 25%
933,88489e3017fffff,0.5687,207.9,13.1,vacant,67591,0,30.1962,-97.6339,Tier 2 — Top 25%
934,88489e251bfffff,0.5686,207.8,21.4,vacant,194032,0,30.4565,-97.7016,Tier 2 — Top 25%
935,884898d827fffff,0.5686,208.3,16.7,residential,49171,9,30.2327,-97.9123,Tier 2 — Top 25%
936,884898ca1dfffff,0.5686,208.3,22.5,commercial,48889,16,30.3313,-97.9648,Tier 2 — Top 25%
937,88489e2e29fffff,0.5685,207.6,25.3,NaN,0,0,30.4452,-97.5780,Tier 2 — Top 25%
938,884898d8e7fffff,0.5683,208.4,20.4,industrial,48991,12,30.2621,-97.9552,Tier 2 — Top 25%
939,88489e0e9bfffff,0.5683,207.6,36.1,NaN,0,0,30.1424,-97.3959,Tier 2 — Top 25%
940,88489e208dfffff,0.5683,207.7,17.0,vacant,105771,0,30.3819,-97.6252,Tier 2 — Top 25%
941,88489e2667fffff,0.5682,207.9,12.3,residential,336377,9,30.3777,-97.7477,Tier 2 — Top 25%
942,884898515dfffff,0.5682,207.9,30.5,NaN,0,0,30.5289,-97.8394,Tier 2 — Top 25%
943,88489e346dfffff,0.5681,208.1,1.5,residential,1247416,9,30.2543,-97.7398,Tier 2 — Top 25%
944,884898511bfffff,0.5681,207.9,34.1,NaN,0,0,30.5594,-97.8517,Tier 2 — Top 25%
945,884898cb37fffff,0.5681,208.2,15.8,open_space,49217,0,30.3579,-97.8693,Tier 2 — Top 25%
946,88489e3241fffff,0.5681,208.1,21.0,vacant,48960,0,30.0950,-97.6531,Tier 2 — Top 25%
947,88489e2c25fffff,0.5680,207.5,33.7,NaN,0,0,30.5085,-97.5308,Tier 2 — Top 25%
948,884898c9e9fffff,0.5680,208.1,20.1,open_space,49006,0,30.4121,-97.8677,Tier 2 — Top 25%
949,88489e2021fffff,0.5678,207.7,19.0,NaN,0,0,30.3452,-97.5667,Tier 2 — Top 25%
950,88489e360bfffff,0.5677,208.2,8.2,residential,233172,9,30.2209,-97.8093,Tier 2 — Top 25%
951,8848985321fffff,0.5677,207.9,27.0,NaN,0,0,30.4985,-97.8272,Tier 2 — Top 25%
952,884898c98bfffff,0.5674,208.1,23.6,residential,48833,9,30.4343,-97.8948,Tier 2 — Top 25%
953,88489eac95fffff,0.5674,208.3,13.5,residential,61285,9,30.1811,-97.8425,Tier 2 — Top 25%
954,884898536bfffff,0.5672,208.0,24.9,NaN,0,0,30.4748,-97.8410,Tier 2 — Top 25%
955,88489e2235fffff,0.5672,207.8,13.4,open_space,62451,0,30.3051,-97.6101,Tier 2 — Top 25%
956,88489e3b01fffff,0.5671,207.6,34.0,NaN,0,0,30.1807,-97.4034,Tier 2 — Top 25%
957,88489e242dfffff,0.5671,207.8,19.5,industrial,284978,12,30.4407,-97.7108,Tier 2 — Top 25%
958,88489e36b9fffff,0.5670,208.2,9.6,residential,164973,9,30.2894,-97.8393,Tier 2 — Top 25%
959,88489eace7fffff,0.5670,208.3,13.4,residential,63013,9,30.1592,-97.8053,Tier 2 — Top 25%
960,88489e245bfffff,0.5670,207.9,18.5,residential,200267,9,30.4307,-97.7767,Tier 2 — Top 25%
961,884898c945fffff,0.5670,208.1,13.7,residential,60809,9,30.3590,-97.8386,Tier 2 — Top 25%
962,884898c8cdfffff,0.5669,208.2,25.1,NaN,0,0,30.4013,-97.9541,Tier 2 — Top 25%
963,88489e2019fffff,0.5669,207.8,14.7,residential,65801,9,30.3435,-97.6177,Tier 2 — Top 25%
964,884898cd25fffff,0.5668,208.1,32.7,NaN,0,0,30.4938,-97.9602,Tier 2 — Top 25%
965,884898d967fffff,0.5668,208.3,11.5,residential,101222,9,30.2120,-97.8445,Tier 2 — Top 25%
966,88489e2c17fffff,0.5667,207.5,32.3,NaN,0,0,30.5222,-97.5829,Tier 2 — Top 25%
967,88489e2d15fffff,0.5667,207.4,35.9,NaN,0,0,30.5170,-97.5058,Tier 2 — Top 25%
968,884898584dfffff,0.5667,207.7,34.0,NaN,0,0,30.5719,-97.7141,Tier 2 — Top 25%
969,88489e32e7fffff,0.5666,208.0,13.8,vacant,56922,0,30.1643,-97.6626,Tier 2 — Top 25%
970,88489e2c8dfffff,0.5666,207.5,33.8,NaN,0,0,30.5448,-97.5996,Tier 2 — Top 25%
971,88489e3acdfffff,0.5666,207.7,23.4,residential,48840,9,30.2003,-97.5117,Tier 2 — Top 25%
972,88489e2867fffff,0.5665,207.4,36.5,NaN,0,0,30.3896,-97.3906,Tier 2 — Top 25%
973,88489e271bfffff,0.5665,207.9,14.9,residential,547851,9,30.4013,-97.7339,Tier 2 — Top 25%
974,88489e2c5dfffff,0.5664,207.6,28.4,NaN,0,0,30.4835,-97.5856,Tier 2 — Top 25%
975,88489e05b1fffff,0.5662,207.7,32.7,NaN,0,0,30.1489,-97.4320,Tier 2 — Top 25%
976,8848985a4dfffff,0.5662,207.8,27.7,residential,67375,9,30.5167,-97.7464,Tier 2 — Top 25%
977,8848985309fffff,0.5661,208.0,26.3,open_space,104681,0,30.4820,-97.8569,Tier 2 — Top 25%
978,8848985a5dfffff,0.5660,207.8,29.5,NaN,0,0,30.5314,-97.7678,Tier 2 — Top 25%
979,88489e2e13fffff,0.5658,207.7,24.9,NaN,0,0,30.4668,-97.6254,Tier 2 — Top 25%
980,884898cb23fffff,0.5658,208.1,13.9,residential,56017,9,30.3429,-97.8581,Tier 2 — Top 25%
981,88489e3589fffff,0.5658,208.0,6.3,residential,371313,9,30.3239,-97.7392,Tier 2 — Top 25%
982,88489e320bfffff,0.5657,208.1,18.4,vacant,49086,0,30.1180,-97.6597,Tier 2 — Top 25%
983,8848985341fffff,0.5655,208.0,24.7,NaN,0,0,30.4666,-97.8559,Tier 2 — Top 25%
984,8848985139fffff,0.5655,207.9,33.5,NaN,0,0,30.5605,-97.8210,Tier 2 — Top 25%
985,8848985a1bfffff,0.5654,207.8,33.0,NaN,0,0,30.5619,-97.7800,Tier 2 — Top 25%
986,88489e271dfffff,0.5652,207.9,14.3,commercial,590764,16,30.3941,-97.7181,Tier 2 — Top 25%
987,884898d96bfffff,0.5652,208.3,13.2,residential,66284,9,30.2037,-97.8593,Tier 2 — Top 25%
988,88489e25d7fffff,0.5647,207.8,25.3,NaN,0,0,30.4941,-97.7296,Tier 2 — Top 25%
989,884898c913fffff,0.5647,208.1,19.6,open_space,49027,0,30.4042,-97.8723,Tier 2 — Top 25%
990,88489e309dfffff,0.5646,208.0,7.8,industrial,257023,12,30.2335,-97.6721,Tier 2 — Top 25%
991,88489e3485fffff,0.5646,208.1,8.6,residential,210207,9,30.3296,-97.7958,Tier 2 — Top 25%
992,88489e2e85fffff,0.5645,207.6,27.9,NaN,0,0,30.4976,-97.6274,Tier 2 — Top 25%
993,88489e333dfffff,0.5645,207.9,22.2,residential,48903,9,30.1366,-97.5690,Tier 2 — Top 25%
994,88489eac09fffff,0.5644,208.3,18.7,vacant,68990,0,30.1054,-97.7967,Tier 2 — Top 25%
995,8848985057fffff,0.5643,208.0,34.6,NaN,0,0,30.5418,-97.9121,Tier 2 — Top 25%
996,88489e2723fffff,0.5643,207.8,16.2,residential,335512,9,30.4031,-97.6828,Tier 2 — Top 25%
997,884898da09fffff,0.5641,208.5,26.0,NaN,0,0,30.1529,-97.9787,Tier 2 — Top 25%
998,884898db07fffff,0.5641,208.4,18.3,residential,49092,9,30.1714,-97.8981,Tier 2 — Top 25%
999,88489e220dfffff,0.5641,207.8,12.0,residential,89660,9,30.2740,-97.6184,Tier 2 — Top 25%
1000,8848985a8dfffff,0.5640,207.8,36.4,NaN,0,0,30.5927,-97.7820,Tier 2 — Top 25%
1001,88489e2eb5fffff,0.5639,207.6,30.4,NaN,0,0,30.5209,-97.6237,Tier 2 — Top 25%
1002,884898505dfffff,0.5639,208.0,33.0,NaN,0,0,30.5264,-97.9111,Tier 2 — Top 25%
1003,88489e2111fffff,0.5638,207.6,21.6,NaN,0,0,30.3538,-97.5416,Tier 2 — Top 25%
1004,884898db01fffff,0.5638,208.4,19.2,residential,49049,9,30.1635,-97.9027,Tier 2 — Top 25%
1005,8848985113fffff,0.5637,207.9,34.8,NaN,0,0,30.5673,-97.8471,Tier 2 — Top 25%
1006,88489eaee1fffff,0.5636,208.4,21.3,vacant,140533,0,30.0961,-97.8421,Tier 2 — Top 25%
1007,88489e35c7fffff,0.5634,208.0,5.5,residential,450428,9,30.3163,-97.7336,Tier 2 — Top 25%
1008,88489e2e6bfffff,0.5634,207.6,23.4,NaN,0,0,30.4295,-97.5873,Tier 2 — Top 25%
1009,88489e2559fffff,0.5632,207.8,18.1,residential,354358,9,30.4257,-97.6996,Tier 2 — Top 25%
1010,8848985849fffff,0.5632,207.7,33.9,NaN,0,0,30.5715,-97.7243,Tier 2 — Top 25%
1011,8848985149fffff,0.5631,207.9,28.6,NaN,0,0,30.5139,-97.8282,Tier 2 — Top 25%
1012,884898db17fffff,0.5631,208.4,19.2,residential,49048,9,30.1860,-97.9195,Tier 2 — Top 25%
1013,884898c853fffff,0.5630,208.3,23.2,vacant,48853,0,30.3783,-97.9475,Tier 2 — Top 25%
1014,88489e2cadfffff,0.5630,207.5,35.7,NaN,0,0,30.5534,-97.5746,Tier 2 — Top 25%
1015,8848985b37fffff,0.5630,207.6,35.6,NaN,0,0,30.5811,-97.6685,Tier 2 — Top 25%
1016,884898d98dfffff,0.5628,208.3,15.5,multifamily,49232,20,30.2639,-97.9041,Tier 2 — Top 25%
1017,88489e0489fffff,0.5628,207.8,27.9,NaN,0,0,30.1153,-97.5115,Tier 2 — Top 25%
1018,88489e25b9fffff,0.5627,207.7,27.2,NaN,0,0,30.5102,-97.7101,Tier 2 — Top 25%
1019,88489e2517fffff,0.5626,207.7,22.6,residential,147610,9,30.4647,-97.6867,Tier 2 — Top 25%
1020,8848985959fffff,0.5626,207.6,36.3,NaN,0,0,30.5886,-97.6741,Tier 2 — Top 25%
1021,88489e3515fffff,0.5625,208.0,4.6,residential,568499,9,30.2941,-97.7066,Tier 2 — Top 25%
1022,88489e270dfffff,0.5625,207.9,13.3,residential,356169,9,30.3794,-97.6967,Tier 2 — Top 25%
1023,8848985035fffff,0.5625,207.9,35.7,NaN,0,0,30.5662,-97.8778,Tier 2 — Top 25%
1024,88489e21edfffff,0.5625,207.6,23.2,NaN,0,0,30.3695,-97.5324,Tier 2 — Top 25%
1025,88489e20b1fffff,0.5624,207.7,19.6,residential,113444,9,30.4127,-97.6271,Tier 2 — Top 25%
1026,88489eadbdfffff,0.5624,208.1,9.2,residential,178736,9,30.1844,-97.7507,Tier 2 — Top 25%
1027,88489e3561fffff,0.5624,207.9,6.6,residential,342013,9,30.2643,-97.6740,Tier 2 — Top 25%
1028,88489e2821fffff,0.5623,207.3,37.1,NaN,0,0,30.4050,-97.3915,Tier 2 — Top 25%
