rank,h3_index,city,tier,opportunity_score,lat,lon,h3_cell_acres,project_acres,dist_to_center_km,property_type,land_value_current,total_dev_cost,equity_required,buildable_sqft,noi_year1,noi_year5,stabilised_value,exit_value_yr5,exit_cap_rate,est_irr_pct,equity_multiple,value_uplift
1,8829b6d2d3fffff,phoenix,Tier 1 — Top 10%,1.0,33.4861,-112.2088,210.6,10.8,13.2,unknown,618278,37871064,13254872,188179,2275087,2637449,42131232,48841645,0.054,13.98,2.83,48223367
3,8848e96d09fffff,phoenix,Tier 1 — Top 10%,0.9987,33.424,-112.2074,210.7,10.4,12.7,unknown,659422,36468432,12763951,181210,2190824,2539766,40570816,47032695,0.054,13.98,2.83,46373273
5,8848e96aa7fffff,phoenix,Tier 1 — Top 10%,0.9973,33.3459,-112.1539,210.9,11.0,13.6,unknown,579711,38572380,13500333,191664,2317218,2686290,42911440,49746120,0.054,13.98,2.83,49166409
6,8829b6d2dbfffff,phoenix,Tier 1 — Top 10%,0.996,33.4778,-112.2126,210.6,10.8,13.3,unknown,608677,37871064,13254872,188179,2275087,2637449,42131232,48841645,0.054,13.98,2.83,48232968
8,8848ebba83fffff,phoenix,Tier 1 — Top 10%,0.9947,33.2414,-111.6761,211.4,29.6,43.5,unknown,991807,103794768,36328169,515750,6235422,7228563,115470784,133862286,0.054,13.98,2.83,132870479
10,8848ebba89fffff,phoenix,Tier 1 — Top 10%,0.9934,33.2262,-111.6732,211.4,30.3,44.7,unknown,1014111,106249374,37187281,527947,6382882,7399509,118201512,137027948,0.054,13.98,2.83,136013838
12,8848e968c3fffff,phoenix,Tier 1 — Top 10%,0.992,33.3679,-112.1637,210.9,10.1,12.2,unknown,700748,35416458,12395760,175982,2127627,2466503,39400504,45675983,0.054,13.98,2.83,44975235
13,8829b6d281fffff,phoenix,Tier 1 — Top 10%,0.9907,33.4907,-112.1769,210.6,8.9,10.6,unknown,847698,31208562,10922997,155074,1874840,2173453,34719256,40249133,0.054,13.98,2.83,39401435
14,8829b6d2d9fffff,phoenix,Tier 1 — Top 10%,0.9894,33.471,-112.2058,210.7,10.3,12.5,unknown,679089,36117774,12641221,179467,2169758,2515345,40180712,46580458,0.054,13.98,2.83,45901368
15,8848ebbad5fffff,phoenix,Tier 1 — Top 10%,0.988,33.2247,-111.6838,211.4,29.9,44.0,unknown,1001441,104846742,36696360,520978,6298619,7301826,116641096,135218999,0.054,13.98,2.83,134217558
16,8848e96d05fffff,phoenix,Tier 1 — Top 10%,0.9861,33.4338,-112.193,210.7,9.4,11.2,unknown,806868,32961852,11536648,163786,1980168,2295557,36669776,42510321,0.054,13.98,2.83,41703453
17,8848e96d0dfffff,phoenix,Tier 1 — Top 10%,0.9861,33.4255,-112.1968,210.7,9.7,11.7,unknown,750828,34013826,11904839,169013,2043365,2368820,37840088,43867033,0.054,13.98,2.83,43116204
19,8829b6d2d7fffff,phoenix,Tier 1 — Top 10%,0.9834,33.4876,-112.1982,210.6,10.1,12.3,unknown,688224,35416458,12395760,175982,2127627,2466503,39400504,45675983,0.054,13.98,2.83,44987759
20,8848e96d41fffff,phoenix,Tier 1 — Top 10%,0.9834,33.4088,-112.2044,210.8,10.5,12.9,unknown,639072,36819090,12886682,182952,2211890,2564186,40960920,47484933,0.054,13.98,2.83,46845861
23,8829b6d289fffff,phoenix,Tier 1 — Top 10%,0.9814,33.4823,-112.1807,210.7,8.9,10.6,unknown,855361,31208562,10922997,155074,1874840,2173453,34719256,40249133,0.054,13.98,2.83,39393772
24,8848e96893fffff,phoenix,Tier 1 — Top 10%,0.9801,33.4035,-112.187,210.8,9.6,11.6,unknown,752170,33663168,11782109,167270,2022299,2344399,37449984,43414796,0.054,13.98,2.83,42662626
27,8829b6d0c5fffff,phoenix,Tier 1 — Top 10%,0.9788,33.527,-112.1404,210.6,9.0,10.7,unknown,848610,31559220,11045727,156816,1895905,2197874,35109360,40701371,0.054,13.98,2.83,39852761
28,8848ebba8bfffff,phoenix,Tier 1 — Top 10%,0.9774,33.233,-111.6799,211.4,29.8,43.7,unknown,998330,104496084,36573629,519235,6277554,7277405,116250992,134766761,0.054,13.98,2.83,133768431
29,8848eba4b5fffff,phoenix,Tier 1 — Top 10%,0.9761,33.4888,-111.9692,210.8,9.0,10.7,unknown,2404899,31559220,11045727,156816,1895905,2197874,35109360,40701371,0.054,13.98,2.83,38296472
30,8848e96811fffff,phoenix,Tier 1 — Top 10%,0.9748,33.3489,-112.1327,210.9,10.1,12.3,unknown,685780,35416458,12395760,175982,2127627,2466503,39400504,45675983,0.054,13.98,2.83,44990203
34,8848e962e5fffff,phoenix,Tier 1 — Top 10%,0.9734,33.236,-112.3229,211.0,23.5,33.1,unknown,795734,82404630,28841620,409464,4950420,5738893,91674440,106275802,0.054,13.98,2.83,105480068
35,8829b6cd49fffff,phoenix,Tier 1 — Top 10%,0.9721,33.8084,-112.0209,210.2,27.8,40.3,unknown,934497,97482924,34119023,484387,5856241,6788989,108448912,125722012,0.054,13.98,2.83,124787515
36,8848e9613dfffff,phoenix,Tier 1 — Top 10%,0.9708,33.2845,-112.2018,211.0,16.4,21.7,unknown,561634,57507912,20127769,285754,3454761,4005015,63977056,74166942,0.054,13.98,2.83,73605308
38,8848e979a5fffff,phoenix,Tier 1 — Top 10%,0.9695,33.2434,-112.0521,211.1,17.2,22.9,unknown,588360,60313176,21109612,299693,3623286,4200381,67097888,77784842,0.054,13.98,2.83,77196482
39,8829b6cf29fffff,phoenix,Tier 1 — Top 10%,0.9668,33.7849,-112.0217,210.2,26.2,37.7,unknown,883019,91872396,32155339,456509,5519191,6398255,102207248,118486213,0.054,13.98,2.83,117603194
40,8848eb35edfffff,phoenix,Tier 1 — Top 10%,0.9668,33.6985,-111.6932,210.5,30.5,44.9,unknown,1020560,106950690,37432741,531432,6425013,7448351,118981720,137932423,0.054,13.98,2.83,136911863
41,8848e96059fffff,phoenix,Tier 1 — Top 10%,0.9668,33.2375,-112.3123,211.0,23.0,32.2,unknown,779424,80651340,28227969,400752,4845092,5616789,89723920,104014614,0.054,13.98,2.83,103235190
42,8848ebb68bfffff,phoenix,Tier 1 — Top 10%,0.9635,33.2395,-112.0242,211.2,17.7,23.7,unknown,604986,62066466,21723263,308405,3728614,4322486,69048408,80046029,0.054,13.98,2.83,79441043
43,8829b6cf05fffff,phoenix,Tier 1 — Top 10%,0.9635,33.7834,-112.0324,210.2,26.1,37.5,unknown,879883,91521738,32032608,454766,5498126,6373835,101817144,118033975,0.054,13.98,2.83,117154092
44,8829b6c0b9fffff,phoenix,Tier 1 — Top 10%,0.9615,33.7283,-112.1473,210.2,22.8,31.9,unknown,772943,79950024,27982508,397267,4802960,5567948,88943712,103110139,0.054,13.98,2.83,102337197
46,8848ebb637fffff,phoenix,Tier 1 — Top 10%,0.9602,33.225,-111.9615,211.2,19.8,27.0,unknown,722462,69430284,24300599,344995,4170992,4835323,77240592,89543016,0.054,13.98,2.83,88820553
47,8848e96187fffff,phoenix,Tier 1 — Top 10%,0.9582,33.324,-112.2531,210.9,16.3,21.6,unknown,558275,57157254,20005039,284011,3433695,3980594,63586952,73714705,0.054,13.98,2.83,73156430
48,8829b6ced5fffff,phoenix,Tier 1 — Top 10%,0.9582,33.8093,-112.1797,210.1,28.4,41.3,unknown,953729,99586872,34855405,494842,5982635,6935514,110789536,128435437,0.054,13.98,2.83,127481708
49,8848e96223fffff,phoenix,Tier 1 — Top 10%,0.9562,33.217,-112.2919,211.0,23.3,32.7,unknown,789218,81703314,28596160,405979,4908289,5690052,90894232,105371327,0.054,13.98,2.83,104582109
50,8848ebb689fffff,phoenix,Tier 1 — Top 10%,0.9548,33.2327,-112.0174,211.2,18.3,24.6,unknown,624945,64170414,22459645,318859,3855008,4469011,71389032,82759454,0.054,13.98,2.83,82134509
51,8848ebb183fffff,phoenix,Tier 1 — Top 10%,0.9535,33.2311,-111.7503,211.3,26.8,38.6,unknown,1478556,93976344,32891720,466963,5645585,6544780,104547872,121199638,0.054,13.98,2.83,119721082
53,8848e979b9fffff,phoenix,Tier 1 — Top 10%,0.9522,33.2457,-112.0907,211.1,17.0,22.6,unknown,581689,59611860,20864151,296208,3581155,4151540,66317680,76880367,0.054,13.98,2.83,76298678
55,8848ebba95fffff,phoenix,Tier 1 — Top 10%,0.9502,33.2482,-111.6829,211.3,29.1,42.6,unknown,975985,102041478,35714517,507038,6130094,7106459,113520264,131601099,0.054,13.98,2.83,130625114
56,8848ebb0b7fffff,phoenix,Tier 1 — Top 10%,0.9502,33.2457,-111.8131,211.3,23.5,33.1,unknown,2823314,82404630,28841620,409464,4950420,5738893,91674440,106275802,0.054,13.98,2.83,103452488
62,8848e96129fffff,phoenix,Tier 1 — Top 10%,0.9482,33.2709,-112.1882,211.0,16.9,22.4,unknown,578386,59261202,20741421,294466,3560089,4127119,65927576,76428130,0.054,13.98,2.83,75849744
63,8848e9605bfffff,phoenix,Tier 1 — Top 10%,0.9456,33.2443,-112.3191,211.0,22.9,32.1,unknown,776127,80300682,28105239,399010,4824026,5592368,89333816,103562377,0.054,13.98,2.83,102786250
64,8848e9605dfffff,phoenix,Tier 1 — Top 10%,0.9456,33.239,-112.3017,211.0,22.5,31.5,unknown,763088,78898050,27614318,392040,4739764,5494685,87773400,101753427,0.054,13.98,2.83,100990340
66,8848e962e7fffff,phoenix,Tier 1 — Top 10%,0.9456,33.2428,-112.3297,211.0,23.4,33.0,unknown,792418,82053972,28718890,407722,4929354,5714472,91284336,105823564,0.054,13.98,2.83,105031147
68,8848ebace5fffff,phoenix,Tier 1 — Top 10%,0.9422,33.5322,-111.7703,210.8,21.4,29.7,unknown,727086,75040812,26264284,372874,4508042,5226056,83482256,96778815,0.054,13.98,2.83,96051729
69,8848e9612bfffff,phoenix,Tier 1 — Top 10%,0.9422,33.2777,-112.195,211.0,16.7,22.1,unknown,571741,58559886,20495960,290981,3517958,4078277,65147368,75523655,0.054,13.98,2.83,74951914
70,8829b6c5e1fffff,phoenix,Tier 1 — Top 10%,0.9402,33.7964,-112.2155,210.1,28.1,40.9,unknown,944076,98534898,34487214,489614,5919438,6862251,109619224,127078724,0.054,13.98,2.83,126134649
73,8829b6d08bfffff,phoenix,Tier 1 — Top 10%,0.9389,33.5474,-112.1608,210.6,11.0,13.6,unknown,877569,38572380,13500333,191664,2317218,2686290,42911440,49746120,0.054,13.98,2.83,48868551
74,8848ebb427fffff,phoenix,Tier 1 — Top 10%,0.9376,33.2711,-111.9105,211.2,18.4,24.9,unknown,2099679,64521072,22582375,320602,3876073,4493431,71779136,83211691,0.054,13.98,2.83,81112012
75,8829b6ce95fffff,phoenix,Tier 1 — Top 10%,0.9363,33.8327,-112.1789,210.0,29.8,43.8,unknown,998240,104496084,36573629,519235,6277554,7277405,116250992,134766761,0.054,13.98,2.83,133768521
78,8848e961bbfffff,phoenix,Tier 1 — Top 10%,0.9336,33.3376,-112.2667,210.9,16.4,21.7,unknown,561651,57507912,20127769,285754,3454761,4005015,63977056,74166942,0.054,13.98,2.83,73605292
79,8848ebb5c9fffff,phoenix,Tier 1 — Top 10%,0.9336,33.278,-111.9173,211.2,17.8,23.9,unknown,1962842,62417124,21845993,310147,3749680,4346906,69438512,80498267,0.054,13.98,2.83,78535425
80,8848e96135fffff,phoenix,Tier 1 — Top 10%,0.9336,33.2929,-112.198,211.0,15.8,20.8,unknown,541624,55403964,19391387,275299,3328367,3858490,61636432,71453518,0.054,13.98,2.83,70911894
81,8848ebbac3fffff,phoenix,Tier 1 — Top 10%,0.9309,33.2178,-111.677,211.4,30.5,44.9,unknown,1020560,106950690,37432741,531432,6425013,7448351,118981720,137932423,0.054,13.98,2.83,136911863
83,8848e962edfffff,phoenix,Tier 1 — Top 10%,0.929,33.2276,-112.3267,211.0,24.0,34.0,unknown,811920,84157920,29455272,418176,5055748,5860997,93624960,108536989,0.054,13.98,2.83,107725069
84,8829b6d2d5fffff,phoenix,Tier 1 — Top 10%,0.929,33.4808,-112.1914,210.7,9.6,11.5,unknown,775037,33663168,11782109,167270,2022299,2344399,37449984,43414796,0.054,13.98,2.83,42639759
85,8829b6d0c3fffff,phoenix,Tier 1 — Top 10%,0.927,33.5323,-112.1578,210.6,10.0,12.1,unknown,705070,35065800,12273030,174240,2106562,2442082,39010400,45223745,0.054,13.98,2.83,44518675
88,8848eba151fffff,phoenix,Tier 1 — Top 10%,0.9243,33.3296,-111.7148,211.2,25.2,35.9,unknown,2217424,88365816,30928036,439085,5308535,6154047,98306208,113963838,0.054,13.98,2.83,111746415
89,8848ebb631fffff,phoenix,Tier 1 — Top 10%,0.9243,33.2166,-111.9653,211.2,20.2,27.7,unknown,687689,70832916,24791521,351965,4255254,4933006,78801008,91351966,0.054,13.98,2.83,90664277
90,8848ebb68dfffff,phoenix,Tier 1 — Top 10%,0.9243,33.2342,-112.0068,211.2,18.3,24.6,unknown,624908,64170414,22459645,318859,3855008,4469011,71389032,82759454,0.054,13.98,2.83,82134546
91,8848ebb73bfffff,phoenix,Tier 1 — Top 10%,0.9216,33.2256,-111.9017,211.3,21.3,29.5,unknown,1460882,74690154,26141554,371131,4486976,5201635,83092152,96326578,0.054,13.98,2.83,94865696
92,8848e968ddfffff,phoenix,Tier 1 — Top 10%,0.9203,33.3664,-112.1743,210.9,10.6,13.0,unknown,625792,37169748,13009412,184694,2232955,2588607,41351024,47937170,0.054,13.98,2.83,47311378
95,8848e96163fffff,phoenix,Tier 1 — Top 10%,0.919,33.2625,-112.192,211.0,17.5,23.4,unknown,598325,61365150,21477802,304920,3686483,4273644,68268200,79141554,0.054,13.98,2.83,78543229
96,8848e96de5fffff,phoenix,Tier 1 — Top 10%,0.9177,33.4695,-112.2164,210.7,10.9,13.4,unknown,596012,38221722,13377603,189922,2296152,2661870,42521336,49293882,0.054,13.98,2.83,48697870
99,8848e96d4bfffff,phoenix,Tier 1 — Top 10%,0.915,33.4073,-112.2151,210.8,11.2,13.9,unknown,559922,39273696,13745794,195149,2359349,2735132,43691648,50650595,0.054,13.98,2.83,50090673
102,8848ebb5c1fffff,phoenix,Tier 1 — Top 10%,0.915,33.2863,-111.9135,211.1,17.5,23.4,unknown,2156665,61365150,21477802,304920,3686483,4273644,68268200,79141554,0.054,13.98,2.83,76984889
103,8848e96165fffff,phoenix,Tier 1 — Top 10%,0.915,33.2572,-112.1746,211.0,17.4,23.2,unknown,595010,61014492,21355072,303178,3665417,4249223,67878096,78689317,0.054,13.98,2.83,78094307
105,8829b6c1a5fffff,phoenix,Tier 1 — Top 10%,0.911,33.7365,-112.0341,210.3,23.0,32.3,unknown,779424,80651340,28227969,400752,4845092,5616789,89723920,104014614,0.054,13.98,2.83,103235190
107,8848e978a7fffff,phoenix,Tier 1 — Top 10%,0.911,33.2397,-112.1331,211.1,17.8,23.8,unknown,608297,62417124,21845993,310147,3749680,4346906,69438512,80498267,0.054,13.98,2.83,79889970
108,8848ebb1a3fffff,phoenix,Tier 1 — Top 10%,0.911,33.2424,-111.7253,211.3,27.4,39.7,unknown,1274155,96080292,33628102,477418,5771979,6691305,106888496,123913062,0.054,13.98,2.83,122638907
109,8829b6c43dfffff,phoenix,Tier 1 — Top 10%,0.907,33.7669,-112.2589,210.1,27.2,39.3,unknown,915253,95378976,33382642,473933,5729848,6642464,106108288,123008587,0.054,13.98,2.83,122093335
111,8848ebb6c7fffff,phoenix,Tier 1 — Top 10%,0.907,33.2258,-112.0106,211.2,18.8,25.4,unknown,641456,65923704,23073296,327571,3960336,4591115,73339552,85020641,0.054,13.98,2.83,84379185
113,8829b6cf21fffff,phoenix,Tier 1 — Top 10%,0.907,33.7933,-112.0179,210.2,26.8,38.7,unknown,902356,93976344,32891720,466963,5645585,6544780,104547872,121199638,0.054,13.98,2.83,120297282
114,8848eba6c9fffff,phoenix,Tier 1 — Top 10%,0.9044,33.3737,-112.0122,210.9,8.6,10.1,unknown,914472,30156588,10554806,149846,1811643,2100191,33548944,38892421,0.054,13.98,2.83,37977949
115,8848ebb423fffff,phoenix,Tier 1 — Top 10%,0.9024,33.2696,-111.9211,211.2,18.1,24.4,unknown,1766940,63469098,22214184,315374,3812876,4420169,70608824,81854979,0.054,13.98,2.83,80088039
116,8829b6cf51fffff,phoenix,Tier 1 — Top 10%,0.9024,33.7706,-112.0682,210.2,25.1,35.8,unknown,847552,88015158,30805305,437342,5287470,6129626,97916104,113511601,0.054,13.98,2.83,112664049
117,8829b6cf53fffff,phoenix,Tier 1 — Top 10%,0.8997,33.7774,-112.075,210.2,25.6,36.6,unknown,863770,89768448,31418957,446054,5392798,6251731,99866624,115772788,0.054,13.98,2.83,114909018
119,8848ebb681fffff,phoenix,Tier 1 — Top 10%,0.8997,33.241,-112.0136,211.2,17.7,23.7,unknown,604951,62066466,21723263,308405,3728614,4322486,69048408,80046029,0.054,13.98,2.83,79441079
